humid,temp,trees,Xmin,Xmax,Ymin,Ymax,NoYes
12.617081356,17.4041500092,1,37,37,36,35.5,0
15.3851659775,14.6750001907,1,117,122,34.5,31,0
20.1966136932,25.2250003815,47,-11.5,-11,11,10,1
9.1607776642,7.9833297729,69,23,23.5,50,49.5,0
25.1380548477,23.8333501816,80.5,-77,-75.5,-6,-8.5,1
6.0924166203,5.3083350658,0,-110.5,-104,44.5,41,0
8.9378335953,7.2833299637,13,28,29.5,51,49.5,0
28.4869405746,25.6749992371,84,-71.5,-69,1.5,-1,1
10.0396121979,13.8999996185,4,-3.5,-3,40.5,40,0
10.7326116562,15.9167003632,1,37,38,37,36.5,0
22.8425556183,NA,21,-5,-5,9,8,1
17.4922744751,18.3375005722,23.5,-156,-155,20.5,19,0
9.6818890572,8.9541649818,62,6,7,47.5,46.5,0
13.1016905785,16.1791505814,28.5,-8.5,-8,39.5,38.5,0
20.5357275009,25.1124992371,3,39.5,44.5,7.5,4,1
19.9495834351,22.0625,18,33.5,36,-10,-17,0
10.7263938904,10.8332996368,73,28.5,29.5,45,44.5,0
22.3619466782,24.1999998093,41,105.5,105.5,22,21.5,1
26.9071662903,28.8917007446,0,43,43.5,15.5,13.5,0
9.8919724464,15.0458498001,0,0.5,0.5,34.5,34,0
13.2196642876,14.7833499908,1,35.5,36.5,38,36.5,0
9.0149447441,7.3708350658,12.5,25.5,27.5,51.5,50,0
7.508944416,3.9000000954,61,27,30,61.5,60.5,0
10.8733898163,10.6667003632,10,23,24,43.5,43,0
25.3408317566,24.6833000183,15,-82.5,-81.5,22.5,22.5,1
11.6844396591,12.8249998093,13,10.5,12.5,44,42.5,0
21.8361656189,18.2667007446,71,-76.5,-74.5,-9,-10.5,1
23.4822496414,24.0958003998,45,15,17,5,3.5,0
26.0152801514,26.5832996368,15,100.5,101,17.5,17,1
25.7882184982,26.9875001907,3.5,102.5,103,16.5,15.5,1
8.9257223606,11.3083148003,17.5,28.5,29,-29,-29,0
23.3686103821,26.5167007446,34,-15,-15,11.5,11.5,0
27.4752243042,26.3999996185,18,111.5,114.5,-7.5,-8.5,1
6.5623607635,1.7958349586,25.5,11,14,64.5,63,0
27.6658294678,25.5417003632,66,10,11,4.5,3.5,1
9.3208332062,8.7916698456,3,37,39,48.5,47,0
13.7713330269,18.3957996368,0,13.5,16,-20,-25,0
10.3327208519,17.329199791,1,NA,-101,24.5,21,0
9.8044166565,9.1916704178,5,32.5,35,47,46,0
19.1825008392,26.9249992371,1,-16,-16,14.5,14.5,1
10.0365562439,9.875,8,22,22.5,48,47.5,0
10.1678897858,20.0583000183,0,18,20,-28,-29,0
8.5444450378,10.4333000183,15,-78.5,-78.5,-1,-1,1
28.171389389,27.2166996002,8,2,2,7,6,1
9.6329446793,7.7416701317,59,127.5,128,39,38.5,0
17.7646354675,16.5,23,-74.5,-73.5,5,4,1
14.2565563202,17.2250003815,24,-65,-62.5,-19,-21.5,1
9.9114140511,8.3333351612,25.5,27,27.5,45.5,45.5,0
8.693083334,6.3708350658,20.5,24.5,25,47,47,0
29.5245029449,26.5333003998,68.5,111.5,116,0,-3.5,1
25.6711116791,26.6082992554,14,102.5,103.5,17.5,17,1
25.8241691589,26.6499996185,0,43,43,11,11,1
13.866109848,18.8917007446,24,15.5,16.5,-12,-13.5,1
21.1951398849,21.745850563,0,165,167.5,-21,-22.5,1
28.633890152,25.7332992554,72,-83.5,-83.5,10.5,10.5,1
18.2761096954,21.9416999817,9,-47.5,-47.5,-16,-16,1
23.0877229691,25.9375,33,-6.5,-6.5,8.5,8,1
25.8329463959,26.4249992371,19,-5,-4.5,7,6.5,1
4.8172221184,-3.0666699409,3,22.5,31,70.5,68.5,0
12.732219696,18.6000003815,8,-101.5,-99.5,21.5,20,0
27.6453329086,25.2958507538,50,10,10,1.5,1,0
27.7120819092,27.5458498001,11,106,106.5,10.5,10.5,1
28.3347221375,26.5666999817,73,144,146.5,-7,-8.5,1
19.4897762299,21.5333003998,15,-52,-44,-20.5,-25,1
25.1172199249,25.8917007446,19,100.5,100.5,16,16,1
6.5512225628,3.8041700125,0,98,126,53,37.5,0
13.8458299637,18.5166501999,5,35.5,35.5,32,31.5,0
10.0308374405,18.6541500092,0,36,38,31.5,31,0
7.2768890381,8.2749996185,1,39.5,40.5,40,40,0
18.426531601,27.995850563,2,-8.5,-6,15,11.5,0
10.4794397354,9.6499996185,0,4.5,4.5,51.5,51.5,0
8.3183336258,8.8333296776,49.5,33,34.5,41.5,41,0
14.3548898697,26.5,0,-16,-14,21,19,0
4.8386668205,-5.4041650295,7,-177,-130,71,51.5,0
29.0211341858,26.5957994461,9,-4.5,-3.5,5.5,5,1
22.3484178543,25.1541500092,44,-8,-8,7,6.5,1
8.8580560684,14.2749996185,1,7,7,36,36,0
22.4153888702,26.1000003815,80,-55,-55,5,4,1
12.846944809,13.5625,62.5,-82.5,-75.5,39,36.5,0
22.9036102295,23.5,47,98.5,99.5,19.5,17.5,1
28.7570554733,26.9167003632,0,100,100,7.5,7,1
14.5155584335,21.3999996185,0,41.5,42,20,19.5,0
9.6074449539,9.0416698456,13,20.5,22,48,47.5,0
27.5635578156,27.7250003815,0,46,48,5.5,3.5,1
22.8684453964,19.3375005722,18,-79,-78,0,-0.5,1
15.4213900566,18.3791503906,12,-57.5,-56,-31.5,-32,0
18.7091693878,28.125,2,-1,-1,11.5,11.5,1
12.8638896942,15.4750003815,9,-8.5,-8.5,39.5,39.5,0
10.6204978943,10.141699791,68,22.5,23,44.5,44,0
13.376281929,22.5417003632,0,113.5,129,-14.5,-35,0
16.0119440079,28.8041505814,0,17.5,20.5,15.5,12,0
17.7457759857,21.875,31,18.5,24,-11,-16,1
17.0349998474,28.3416996002,2,32,35.5,15,10,0
9.4564713478,22.045800209,0,25.5,33,27,22,0
28.8361675262,26.6417007446,0,100.5,101,6,5.5,1
25.0478878021,26.3833007813,15,-41,-37.5,-3.5,-7.5,0
27.4237485886,25.870850563,70,98.5,99.5,14.5,10.5,1
10.712443924,20.3666992188,0,12,15,32,28.5,0
24.5786104202,25.4874992371,51.5,105.5,106.5,16.5,16,1
20.2508296967,22.6082992554,NA,-23.5,-23.5,15,15,0
19.4547195435,21.9458494186,33.5,102.5,103.5,22,21,1
28.3995521545,26.3500003815,81,-77.5,-70,-0.5,-8.5,1
20.3008348465,24.1958503723,34.5,15.5,17,7,6,0
24.0588291168,25.6916999817,80,-57.5,-54,5,2,1
11.7146118164,20.0333003998,1,18.5,20,-21.5,-23.5,0
21.3273918152,21.9582996368,36,106.5,107,22,21.5,1
27.9082792282,25.5083503723,64.5,-89,-88.5,15.5,15.5,1
19.1677799225,21.0333003998,48,-88,-88,14,14,1
14.6826433182,21.4166994095,0,30.5,31,29,29,0
9.3829998016,7.7666702271,3,8.5,9.5,56.5,56,0
28.3416688919,27.3582992554,8,105,105,11,10.5,1
8.4422221184,10.7083153725,1,-71,-70,-16.5,-17.5,1
10.9643063545,9.8916702271,0,-71,-70,-29.5,-32,0
26.7706077576,26.0916996002,17,-74,-71,4.5,1.5,1
9.2691112518,8.1416702271,1,19.5,20,52.5,52,0
9.8554726601,9.3833298683,36.5,16.5,17,47.5,47,0
14.1308064461,17.8583498001,1,10,10.5,36,36,0
26.1759992599,26.8416500092,11,-65,-63,9.5,7.5,1
25.9398918152,24.9167003632,68,11.5,12.5,-4,-5,0
20.8530855179,22.0082998276,18.5,-55.5,-54.5,-24,-24.5,1
16.5720024109,21.4500007629,1,20.5,25.5,-21.5,-23.5,0
23.2426395416,25.266699791,40.5,19,20,6,5,0
9.2847223282,8.6583299637,2,15.5,15.5,51,51,0
27.7699766159,26.5666503906,23.5,7,7.5,6,5.5,1
20.0928928375,27.2166996002,16,24.5,31.5,10,6,0
10.1625799179,15.2167000771,0,1,2.5,35,34,0
9.0228334427,7.854170084,17.5,20.5,21,50.5,50.5,0
11.5402761459,13.6000003815,18,14.5,16,41,40,0
24.902942276,24.1082992554,20,-98,-93.5,22,17,0
12.726940155,15.3332996368,51,-91.5,-91.5,15,15,1
9.872110939,8.8083295822,31,23.5,24.5,46,46,0
6.2916669846,1.3583300114,NA,-23.5,-13.5,66,63.5,0
17.4416694641,19.1916999817,17,-57,-50,-27.5,-33.5,0
6.1744451523,NA,18,-109.5,-101.5,59.5,49,0
8.6473890305,6.0999999046,56,12,13.5,58.5,57.5,0
8.1892775536,10.375,1,33.5,35,38,37.5,0
25.926697731,24.5874996185,1,43.5,44.5,13.5,13,1
7.2061663628,11.6416501999,1,38,39,38.5,38,0
23.3110546112,26.1833000183,46,-14.5,-14,11,10.5,1
6.0344438553,4.5666699409,55,90,90,27.5,27.5,0
18.6180561066,22.6166992188,2,21.5,25,-18.5,-21,0
6.8235004425,3.4333300591,12,6,7.5,60.5,59.5,0
24.8135826111,22.9750003815,44.5,-83.5,-83,10,9.5,1
10.8629198074,12.1291999817,10,28.5,30,40,39.5,0
14.2699459076,17.8833007813,0,22,22,32.5,31.5,0
19.2102212906,20.3249998093,33.5,31,31,-2,-2.5,0
25.0001140594,26.0083007813,24,104.5,105,17.5,16,1
24.1952753067,26.0250005722,17.5,94.5,96,21.5,19,1
10.4327802658,10.2917003632,4,28,28,45.5,45.5,0
11.0672782898,28.875,0,-12,-8,19,17,0
28.9231092453,26.7833499908,0,100,100.5,9,8,1
7.2944450378,13.4499998093,75,-99,-99,19,19,0
11.9738859177,23.8083000183,0,31.5,36.5,28.5,22,0
19.9648088455,21.9083003998,53.5,-86.5,-86,13.5,13.5,1
15.8066137314,27.4832992554,0,10.5,12.5,13,10.5,1
9.2363891602,8.4125003815,23.5,13.5,15,48,47.5,0
11.4388341904,9.7916698456,2,114,119.5,42,36,0
23.5066699982,24.1749992371,61,11,13,5.5,3,0
9.9505561829,13.9167003632,1,30,31,37.5,37,0
8.3923887253,5.4583301544,60,21.5,28,57.5,55.5,0
21.4278091431,24.8375005722,51,-61.5,-59,-20,-21,1
20.960559845,22.4167003632,36,-71,-71,18.5,18.5,1
28.3300575256,25.2124996185,35,103,103.5,5,4,1
23.7486095428,26.7667007446,0,-55,-55,5.5,5.5,1
16.7843355179,21.4791994095,6,24.5,29,-19.5,-24,0
16.0732776642,15.5749998093,12,121.5,121.5,31.5,31,0
27.9651664734,26.5666999817,79,103.5,104,11.5,10.5,1
23.1708904266,22.375,74,-78.5,-77,-2,-3.5,1
26.0023874283,26.3333501816,39.5,-67,-62,-11,-16.5,1
10.2562238693,8.5166702271,0,-71,-68.5,-26,-29.5,0
10.3512802124,14.6916999817,0,28,29,37.5,37.5,0
14.9566698074,15.8832998276,18,-75.5,-75.5,4,4,1
27.5498878479,24.7583007813,72,102,103.5,-3,-4.5,1
24.9230594635,24.7332992554,28,-69.5,-69.5,18.5,18.5,1
9.6535281181,8.8000001907,52,16.5,19.5,44.5,42.5,0
17.6897201538,22.8999996185,10,34,35,3.5,1.5,0
10.8072252274,10.358300209,13.5,1,1.5,49.5,48.5,0
21.967389679,23.6833000183,29,-72,-71.5,19,18.5,1
9.1707220078,7.9583301544,9,21,22,51.5,51,0
11.3652801514,13.733300209,43,20,20,41.5,41.5,0
9.141305542,8.3791651726,2.5,15,17,48.5,47.5,0
9.326666832,8.0166702271,7,25.5,26.5,48,48,0
23.4720554352,28.7166996002,1,41.5,43,3.5,2.5,1
12.8503305435,NA,0,8,8.5,33.5,33.5,0
8.2413892746,11.4416999817,0,36.5,36.5,34,34,0
14.3936100006,16.7583007813,9,-56,-56,-35,-35,0
9.0609447479,7.9583301544,15,19,20,50.5,50.5,0
25.2811092377,24.8207998276,48.5,12,13,-2.5,-4.5,0
27.644865036,25.8625001907,69,9.5,10.5,-1,-2.5,0
25.2162504196,25.0083494186,64,92.5,95,21,17.5,1
23.9297233582,24.5832996368,14,13.5,14.5,-8,-10.5,1
26.3736663818,25.1000003815,55.5,96,98,5,2.5,1
17.148941803,21.0666999817,28,29.5,33.5,-8.5,-13,0
15.2747196198,16.1749992371,44,-94,-90,36,33,0
25.0523355484,24.7125005722,11.5,-80.5,-80,22,22,1
27.5488891602,27.4750003815,0,106.5,106.5,9.5,9.5,1
25.4127799988,26.3332996368,10,104,104.5,17.5,17,1
27.6998054504,25.5708503723,26.5,-6.5,-6.5,5,4.5,1
13.6826400757,20.375,0,16.5,19,30.5,28.5,0
14.5972780228,25.2083501816,0,39,43.5,23,18.5,0
16.5347251892,22.3125,29,19,22.5,-9,-11.5,1
7.6494445801,8.1833295822,6,-74.5,-73,-13,-15.5,1
28.2700580597,27.3833007813,23,103.5,104.5,14,13,1
10.5471678734,10.2291998863,12,17,17.5,46.5,46.5,0
8.6492219925,6.3166699409,43,23.5,32.5,55.5,51.5,0
14.629999733,20.7416992188,0,32.5,33,30,29,0
25.6703012466,24.983300209,13.5,-84,-83,22.5,22,1
21.3195858002,21.4958000183,52,-77,-76,4.5,3,1
23.5338897705,24.2416992188,10,-68.5,-68.5,10,10,1
5.9677223206,0.6583330035,52,-138,-114.5,59.5,48.5,0
14.6184467316,20.0500001907,22.5,35,35,0.5,0,1
11.2047200203,19.1583003998,0,129.5,141,-26.5,-38,0
26.1365539551,26.2250003815,7,89,90,23.5,21.5,1
16.5671676636,20.1166992188,14,28,31,-20,-22.5,0
9.243888855,8.9916696548,6,6.5,6.5,46,46,0
9.2104167938,7.5833351612,61,18,19,54.5,53.5,0
10.2480016708,10.2082996368,13,21.5,22,47.5,47,0
8.7797504902,12.4833502769,3.5,28,28.5,-29.5,-29.5,0
7.2055559158,6.7458298206,11.5,19,20,43,42,0
20.8237510681,23.5291500092,0,46,48.5,16.5,13.5,0
8.8017225266,6.3208351135,41.5,26.5,26.5,47,46.5,0
19.5868362427,21.9916992188,15,-58,-57,-26.5,-27.5,1
18.3263902664,27.9708499908,2,15,17.5,12.5,10,0
10.9565018654,12.1833000183,32.5,30.5,31,40.5,40.5,0
10.3900003433,9.8083295822,26,4.5,4.5,50.5,50.5,0
14.1287776947,27.6749992371,0,8,12,17,13,0
25.4172775269,25.4582996368,81,-77.5,-76,-1.5,-2.5,1
6.8465000153,6.2166700363,5,44,46.5,40.5,39,0
9.6615288258,8.6458499432,9,74,75.5,34.5,33,1
9.7837221146,11.733300209,29,-7.5,-7,41.5,41,0
20.2046134949,20.5666999817,7,86,86.5,27.5,26.5,0
28.3743865967,25.9500007629,64,99,102,0,-2.5,1
21.3172206879,23.0249996185,31,33,34.5,-17,-21.5,1
18.2099990845,28.1499996185,1,-1.5,-1.5,12,12,1
13.875110054,29.3833007813,0,-14.5,-12.5,18,16,0
19.6662549973,24.1791505814,38,-62,-59.5,-20.5,-22,1
24.8415035248,25.0499992371,64,-8,-7.5,6,5,0
NA,22.5,71,107.5,108.5,15.5,15,1
6.9862502098,2.7791650295,59.5,12.5,16.5,61.5,60,0
24.3875038147,25.2416992188,17,106,107,16,15.5,1
8.4252782822,9.9166698456,2,35.5,36.5,40.5,40.5,0
13.9486103058,25.2999992371,0,48.5,48.5,29.5,29.5,0
16.682220459,17.875,52,-90.5,-90.5,14.5,14.5,1
12.805560112,17.0666999817,26,36.5,36.5,35,35,0
13.390196228,29.1041498184,0,-10.5,-8.5,17,15.5,0
12.0471099854,26.0083007813,0,20.5,23,15.5,14,0
25.9121109009,27.0750007629,14,0.5,1,8.5,6,1
10.0021680832,14.8416996002,0,70,71,34,34,0
21.432610321,20.3917007446,74,96.5,99,28,23.5,1
16.0350536346,NA,0,14,16,14,13,0
4.2634442329,6.5833301544,2,71,71.5,35.5,34.5,0
24.7052755356,23.6916999817,49,109,109.5,12.5,12,1
23.5563907623,23.8833007813,32,107,107,20.5,20.5,1
16.8409748077,24.7916498184,1.5,75,77.5,30,28,1
28.6311683655,26.5167007446,39,109,111.5,-7,-8,1
21.364667511,22.0124998093,72.5,143,144.5,-5.5,-7,1
17.2486095428,17.8500003815,68,-83.5,-83.5,9.5,9.5,1
10.30188694,13.0166501999,1,-70,-66.5,-32.5,-37.5,0
15.1227798462,17.4500007629,52,29.5,29.5,-2.5,-2.5,1
11.4560272217,11.7583498955,4.5,-78,-77,-8.5,-10.5,1
27.0658302307,26.2917003632,0,-80,-80,7.5,7.5,1
9.123000145,7.125,14,7.5,8.5,47,46.5,0
28.6391654968,26.9083003998,0,99,99.5,8,7.5,1
25.301335144,24.1750001907,80,13.5,17,2,0,0
6.1150003433,7.9666700363,4,-70.5,-69,-13.5,-17.5,1
20.9413326263,26.625,32,-13.5,-13,12,11,1
9.3335002899,8.4916696548,3,17,17.5,51,50.5,0
28.2280597687,25.3500003815,80,-88.5,-88.5,16,16,1
11.1881939888,11.0416502953,1.5,28.5,28.5,44.5,44,0
9.129805851,8.1791648865,23.5,19,19.5,50,50,0
11.6876684189,17.2332992554,1,68.5,69,37,36.5,0
9.4662778854,22.2250003815,0,14.5,16,27,26.5,0
14.5630262375,15.9416503906,NA,-27,-25,38.5,37.5,0
8.0957226753,10.4916501045,1,34,34.5,39,39,0
23.6011117935,24.0874996185,18.5,14.5,16,-3.5,-5,0
26.8273584366,27.3332996368,1.5,96,97,17,16.5,1
28.0077800751,25.5249996185,70,102.5,102.5,2.5,2.5,1
9.4667224884,10.0249996185,55,-6.5,-4.5,43,43,0
26.2333297729,25.9416999817,20,109.5,109.5,13,13,1
24.3044466019,24.7833499908,60,105,106,17.5,17,1
6.8986388683,0.1541665047,50,-94.5,-74.5,56.5,41.5,0
10.731110096,21.3541498184,0,10,12,32,28.5,0
14.7285564423,17.0916996002,16,NA,-54,-33,-33.5,0
11.0945550919,12.2333498001,13,2,4.5,44.5,42.5,0
7.9821120262,4.8249998093,70,16,16.5,59.5,59,0
9.8607223511,9.375,2,27,28,47,47,0
16.8758296967,29.3166999817,0,0.5,4,15,12,0
29.1370576859,27.7624998093,0.5,43,43.5,12,12,1
17.0900524139,17.9916992188,43,-85,-81,34.5,30.5,0
25.5266704559,25.5417003632,81,99.5,99.5,15,15,1
8.4106946945,12.6625003815,0,56.5,73,45,37,0
21.4891700745,22.8083000183,45,105.5,105.5,20.5,20.5,1
13.6970319748,25.5124998093,0,48,48.5,28.5,28.5,0
29.4847740173,26.9582996368,58,102,104.5,-1.5,-2.5,1
10.1619710922,7.8041648865,8,125,126,40,39.5,0
10.08055439,7.4083299637,62,23,24,45,44.5,0
26.867027092,26.3333501816,43.5,107,107.5,13,12,1
28.7096902847,26.0707998276,85,-70,-67,3.5,1.5,1
22.2491699219,20.2999992371,33,-98,-94,18,15.5,0
4.491444397,-1.4249999523,1,104.5,109,48.5,46.5,0
12.3249998093,13.9499998093,16,-8.5,-8.5,41.5,41.5,0
26.9694404602,27.0167007446,0,101.5,101.5,14,14,1
23.1708932877,23.3291492462,29.5,107.5,108,16,16,1
10.6912220001,10.7833003998,50,1,2.5,46,45,0
6.7515279293,5.583329916,1.5,43,44,39.5,39,0
21.2194173813,27.2833499908,14.5,17.5,20,10,8,0
13.0947198868,18.5083007813,4,-69,-65.5,-28.5,-32,0
20.0423603058,26.3458499908,17.5,-12.5,-11.5,12,11.5,1
9.0288333893,7.5833301544,15,23,24,50.5,50.5,0
13.1511096954,15.2833003998,11,3,3,39.5,39.5,0
11.3680582047,17.5333003998,6,141.5,153.5,-28.5,-37.5,0
26.8856433868,25.3166999817,65,119.5,121.5,-2,-5.5,1
8.8655557632,7.5583300591,16,12.5,18.5,50.5,48.5,0
10.6899416924,15.1333003044,22,6,6.5,36.5,36.5,0
24.6956712723,24.6042003632,33,13,14,-4,-4.5,0
4.4739999771,NA,5,102,105,50,47.5,0
25.5655824661,27.6333503723,1,39,41.5,4,-2,1
24.6447198868,25.4291496277,0,88.5,90,26,24,1
18.0183895111,28.3250007629,1,-1.5,-1,12.5,12,1
24.4982254028,23.9666996002,34,108,109,13,12,1
26.4234481812,26.4500007629,26,-93.5,-91,18,17.5,1
8.2672225952,18.2749996185,0,65.5,67.5,32,29.5,0
26.9149709702,25.2041501999,64.5,-7,-7,5,4.5,1
NA,25.8999996185,31,-12.5,-10.5,9.5,8.5,1
10.464027977,13.1999998093,38.5,-7.5,-7,40.5,40,0
12.2792226791,19.8541498184,0,33,34.5,29.5,27.5,0
27.831586647,26.6291999817,65,93,93,12.5,9,1
26.8575000763,25.4500007629,64,-7.5,-7.5,4.5,4.5,0
25.5349996567,25.4875001907,36.5,97,99,19,15,1
27.3093076706,26.8791503906,16.5,-4,-4,6.5,6,1
11.3213046074,12.1458497047,26.5,26.5,28,42.5,42,0
25.0139736176,24.329199791,56.5,20,23,-3,-8,1
22.5123857498,23.3582992554,25.5,33.5,35.5,-21.5,-25,1
16.9890583038,14.733300209,48,87.5,87.5,27.5,26.5,0
29.1000242233,25.9083499908,38.5,115,115,4.5,4,1
24.7343894958,24.5249996185,70,17,18.5,4.5,3.5,0
9.9098337173,NA,19,-7,-6.5,41.5,41,0
26.0313892365,24.8166999817,82,17,18.5,3,-0.5,0
21.5652809143,23.8083000183,60,-89,-89,13.5,13.5,1
16.4980574608,19.1666507721,0.5,43.5,44,16,16,0
17.4103321075,21.6333007813,9,37.5,42,6.5,3.5,1
6.8032222748,3.0499999523,6,5.5,8,61.5,60.5,0
6.0473608971,6.7166650295,7,-116.5,-111,48.5,42,0
8.8805556297,6.9875001907,30,20,21.5,54,53.5,0
8.5094442368,4.9833297729,72,-73,-71.5,44.5,42.5,0
6.2555282116,2.0291650295,36,7.5,10,59.5,59,0
27.8963899612,27.8125,27,-73,-70.5,10.5,8.5,1
9.4421669006,7.9000000954,3.5,8.5,9,56,56,0
16.9862527847,18.8958005905,19,30.5,30.5,-1.5,-2,0
16.9191703796,20.7332992554,0,32,32,30.5,30.5,0
26.9953622818,25.5333499908,63.5,10.5,12.5,-1,-2.5,0
7.3797777176,3.041670084,63,12.5,14,47.5,47,0
14.9241695404,17.9249992371,7,0,0,35.5,35.5,0
14.0714956284,24.375,0,48,50.5,32.5,30,0
8.4802223206,13.875,0.5,5.5,6.5,35.5,35,0
10.3634472847,22.9791498184,0,43.5,44.5,32,30,0
8.9911108017,14.1667003632,6,7.5,7.5,36,36,0
24.9884731293,28.0832996368,1,45,46.5,4.5,3.5,1
17.2254447937,18.3625001907,49.5,-91.5,-91,15.5,15.5,1
8.1667221546,4.3041698933,74.5,126,127.5,41,40,0
26.944111824,26.5375003815,15,97.5,98,17,15,1
21.7003913879,23.25,18,32,34.5,-22,-25.5,1
24.8833293915,25.2667007446,1,90.5,92.5,24.5,21.5,1
19.9476940155,27.7417001724,15,-3,-3,11,10.5,1
28.3924999237,26.7166996002,77,-4.5,-4.5,5.5,5.5,1
22.5007194519,24.9083003998,30,-10,-9,7,6.5,0
27.5159749985,26.3833494186,79,-64.5,-59,5,-1.5,0
29.1238899231,26.3500003815,0,102.5,102.5,2,2,1
14.8412757874,20.9916992188,17,26.5,27,-24,-24.5,0
26.8149436951,25.9750003815,37,75.5,77.5,12,8.5,1
23.1766700745,24.6667003632,13,105.5,105.5,21,21,1
29.1580600739,26.7583007813,NA,-172,-172,-14,-14,1
9.866944313,14.3000001907,1,5,5,36,36,0
11.3809978485,15.375,0,2.5,3.5,36,35.5,0
16.7566699982,19.2917003632,26,30,30,-3,-3,0
12.2597198486,21.6499996185,2,-114.5,-108.5,32,26.5,0
9.2826942444,8.1416697502,8,19,19.5,52.5,52.5,0
9.4971115112,9.0333299637,35,12.5,14.5,53,51.5,0
7.4306112766,8.9083299637,0.5,42,43,38.5,38,0
19.7752799988,22.5333003998,37,-57.5,-57.5,-26,-26,1
7.7494447231,4.4708352089,56.5,7.5,9.5,59,58,0
10.5749998093,9.875,3,3.5,3.5,51,51,0
26.8529712677,25.5832996368,80,-76,-71.5,2.5,-0.5,1
11.7906682968,12.9416999817,10,49,50.5,38,36.5,0
15.2535001755,21.3332996368,53,145.5,146,-6.5,-7,1
17.6394405365,18.3166999817,17,-70.5,-70.5,18.5,18.5,1
6.3825001717,5.8499999046,56,91,91,27.5,27.5,0
13.5771364212,15.1041502953,0.5,-63,-56.5,-34,-41,0
19.5916690826,22.5,23,-90,-90,14,14,1
8.1805557251,10.483300209,0,-70,-67,-21.5,-26,0
13.2401144028,16.5916500092,7,-8.5,-7,38,37.5,0
14.1188898087,20.8166999817,0,23.5,25,31.5,28,0
27.7008304596,26.9249992371,23,-4.5,-4.5,6,6,1
28.6441650391,25.9167003632,73,114.5,118.5,4,-2,1
23.6742198944,25.9416503906,1,39,42,12.5,10.5,1
8.9463337898,9.5833497047,10.5,31,32.5,40.5,40,0
4.7810559273,-3.2666699886,3,16.5,22.5,69.5,68.5,0
24.9750541687,27.2832994461,4,43,44.5,3,1.5,1
21.9209962845,26.3416500092,23,-6,-5.5,9.5,8.5,1
16.3758296967,18.6499996185,29,30,30,-3.5,-3.5,0
10.2231142044,8.8333301544,2,-96,-90.5,43,40.5,0
25.8148300171,25.3249998093,77.5,-78,-75.5,-0.5,-1.5,1
22.4402799606,24.6000003815,65.5,-10,-9.5,8,7,0
22.0578634262,22.1374998093,51,-87.5,-87,15,15,1
20.2709486008,22.5083494186,47,-57,-56.5,-25.5,-25.5,1
10.539440155,11.1000003815,7,33.5,36.5,45.5,44.5,0
8.1874168396,9.6208300591,31.5,36,37,40.5,40,0
13.6932781219,20.7082996368,0,14,16.5,31.5,29.5,0
28.1977806091,28.0916996002,3,101,101,14,14,1
9.2699444771,7.5125000477,2.5,13.5,14,55.5,55.5,0
12.2372764587,14.9416999817,5,15.5,18.5,41.5,40,0
27.1495847702,27.2583494186,36.5,-69.5,-68.5,9,8.5,1
8.0503336906,10.516699791,1,34.5,35,39,38.5,0
23.392663765,24.4624996185,24,16,16.5,-4.5,-5,1
24.5790000916,24.3999996185,18,14.5,16.5,-1.5,-3,0
23.9612201691,24.1916999817,33,36,39,-15.5,-19,1
5.7594445705,3.7083300352,0,108.5,112,46.5,42.5,0
19.1602741241,NA,31,12,15,7.5,6,0
20.4134693146,22.4458503723,24.5,10.5,11.5,6,5,1
23.1149713516,24.204199791,24.5,34,36,-17.5,-21.5,1
8.9796113968,5.9833297729,72,14.5,16,47.5,46.5,0
14.6201930046,14.5374999046,46.5,-74,-72,6.5,4.5,1
25.932220459,25.7250003815,18,-6.5,-6.5,6,6,1
24.1995536804,24.4582996368,47,104.5,106,19.5,18.5,1
10.375720787,11.25,23,-2,-1,43,42,0
8.5847219467,12.2666501999,3.5,29.5,30,38,37,0
16.7981433868,17.7541499138,33.5,-80,-79,-4,-4.5,1
28.8811145782,26.4500007629,73,130.5,141,-0.5,-9,1
6.3906384468,7.1124999523,1,44,45,37.5,37,0
8.9758337021,22.8500003815,0,12,19,26.5,22,0
3.4354448795,8.5416698456,0,65.5,67.5,34,32.5,0
19.3342250824,18.7416496277,51.5,93,94,23.5,21,1
8.1534723282,8.5041646957,49.5,23,24.5,42.5,41.5,0
20.0786142349,25.375,34,-11,-10.5,10.5,10.5,1
10.7561641693,16.3416996002,0,4,5,35.5,34.5,0
9.0636106491,16.1667003632,1,45,46.5,36,34.5,0
20.4152803421,27.3624992371,10.5,16,17.5,9.5,9,0
9.6447219849,10.9083003998,27,-77.5,-77.5,0.5,0.5,1
24.206949234,25.5916996002,16,-41,-41,-4,-4,0
25.567225647,25.9416999817,15,103,104,18,17.5,1
8.9501111984,7.0333299637,73,13.5,14.5,56,56,0
12.0512802124,12.0500001907,58,128,129.5,35.5,35,0
20.1345024109,21.5125007629,28.5,-56,-55.5,-25,-26,1
11.102551651,11.3083000183,16,24.5,25,44,43.5,0
7.1791665077,3.3583300114,48,26.5,29.5,62,61,0
27.9036102295,25.6041498184,61,-78,-77.5,8.5,7.5,1
26.2910564423,26.4832992554,19,7,8.5,6.5,6,1
20.3672763824,28.25,2,-1,0,10.5,10.5,1
11.1029463768,12.3207998276,11,0.5,3,44.5,42.5,0
9.8350000381,9.3500003815,51,5.5,7.5,49,48,0
20.3267787933,22.9958000183,38.5,10.5,11,6.5,6,1
29.4930583954,26.7667007446,59,100.5,108.5,3.5,-1,1
23.7417221069,24.2416992188,39,105.5,106,20,19.5,1
11.8369450569,28.9499998093,0,32.5,34.5,16,15.5,0
9.534444809,9.0916700363,47,19,19,47.5,47.5,0
7.5814451218,6.4458301067,66.5,41.5,42.5,41,40.5,0
8.1989168167,5.7374999523,70,13.5,15.5,57.5,57,0
21.4938093185,25.5625,0,43,49,11,8,1
12.2230043411,20.8833007813,4,17,19,-19.5,-20.5,0
16.9348360062,19.3333501816,9,-62.5,-59,-28.5,-34.5,0
10.4422780991,9.7250003815,2,3.5,4.5,50.5,50,0
27.466053772,26.8332996368,81,106,107,14,13,1
9.2847223282,8.3083295822,56,19,19.5,51.5,51,0
28.0640029907,26.7583494186,26.5,104.5,104.5,11.5,11,1
12.0709700584,16.1666507721,3,51,56,37.5,36,0
27.356776619,26.5958499908,24.5,8,8,6,5.5,1
7.3929169178,10.4625151157,0.5,70.5,70.5,35,34.5,0
23.1326135635,26.2291498184,28.5,1,1,8.5,8,1
9.2601673126,8.4250001907,4,18,18.5,50.5,50,0
19.9528324127,26.4708499908,0,45.5,55.5,28.5,17,0
27.9524993896,26.0916996002,0,99,99,10,10,1
10.0609142303,10.1291499138,71,17.5,18,47.5,47.5,0
19.2886104584,23.7250003815,16,-12,-12,10.5,10.5,1
18.3658294678,20.6417007446,25,30.5,30.5,-3,-3,0
23.6111103058,26.5832996368,27,-4.5,-4,8.5,8,1
21.5235607147,22.7833003998,54,-57,-56,-24,-25,1
5.8436669827,10.1625003815,0,46,48,36,35,0
25.1922801971,26.8500003815,24,-3.5,-3,7.5,7,1
12.2197180748,18.3666496277,0,14,15.5,-19.5,-22,0
6.2805562019,6.5999999046,31,20,20,42,42,0
24.7196659088,24.0167007446,35,108,109,14,13,1
27.0272197723,27.0583000183,2,94.5,96,18,16,1
8.3042224884,14.6332998276,0,-114,-109,36.5,31.5,0
14.6306116104,19.3666992188,0,22.5,23,32.5,31,0
18.222363472,23.4124994278,0,50.5,52.5,30,27.5,0
27.6264970779,26.9874992371,55,106,106.5,13,12,1
25.0745780945,24.8208503723,44,-79.5,-78.5,1,0.5,1
13.7819404602,14.0749998093,24,126.5,126.5,33,33,0
10.5875528336,15.4416499138,2.5,7,7.5,36.5,36.5,0
14.8818033218,16.0708494186,36,98,106,28.5,21,0
9.7480554581,8.1541702747,1,11.5,12,55.5,55,0
24.775560379,25.3582992554,23,-73,-73,19.5,19.5,1
26.4066635132,27.0666999817,12,102,103,15.5,14,1
9.6168889046,9.3416700363,16,7,7.5,49,49,0
28.8538881302,27.1124992371,0,100.5,101,6.5,6.5,1
6.0253893852,12.7166996002,0,68.5,69.5,33,31.5,0
26.1227798462,26.6916999817,0,-57.5,-57.5,6,6,1
27.6787780762,25.2416992188,82,-67.5,-63.5,5.5,0.5,1
10.2669401169,8.875,0,6,6,53,53,0
22.5967197418,27.3916501999,17,1,1,9.5,9,1
25.0435562134,24.2250003815,79,23,31,5,-2,1
10.2079999924,17.6749992371,1,-108.5,-103.5,31.5,25.5,1
25.6516662598,26.4582996368,30,-2,0,7,6,1
13.4215578079,16.3083000183,3,-8.5,-7.5,37,37,0
8.7676115036,14.25,0,41.5,43,38,37.5,0
23.0142805099,24.4166507721,18,-57.5,-51,-17.5,-24,0
24.1797771454,23.9916992188,37,-93.5,-90.5,17.5,14.5,1
13.3840256691,12.295800209,65,129,142,41,28,0
17.2849723816,22.1208496094,74.5,145,145.5,-6.5,-7,1
10.4833360672,10.4167003632,7,19.5,20,46.5,46,0
16.1883914948,21.0249996185,22,-64.5,-61.5,-26,-30,0
25.3502807617,23.4500007629,0,9,9,3.5,3.5,1
15.2597198486,28.0916996002,0,14.5,18,16.5,13,0
7.8515278339,3.2249999046,NA,69.5,70.5,-49.5,-49.5,0
10.2808303833,9.7583303452,11,6,6,51,51,0
25.9038642883,25.1042003632,23.5,-78.5,-78.5,22,21.5,1
21.1002212524,22.4333000183,44,33.5,37,8,7,1
27.4086093903,25.6417007446,82,-73,-70,2.5,0.5,1
23.3913356781,NA,53.5,98,98.5,19,18,1
9.122889328,15.9666996002,0,36.5,38,33.5,33,0
15.6716115952,17.5750007629,36,-71.5,-71,8.5,8,1
8.6037227631,6.9666700363,10,33.5,35.5,52,50,0
9.0483890533,7.9333350658,10.5,30.5,33,49.5,48.5,0
1.6586110592,-1.4083299637,2,89.5,89.5,27.5,27.5,0
8.881221962,7.3833351135,17,21.5,22.5,49.5,49,0
23.8698875427,26.5916996002,34,-3.5,-2.5,8,8,1
16.6220544815,20.9083003998,12,36.5,38,6.5,4.5,1
8.2688334465,20.1416501999,0,17,17.5,-23.5,-24.5,0
18.5546665192,22.5417003632,1,-100.5,-98.5,27.5,23,0
10.791053772,18.5832996368,0,7,7.5,35,34,0
4.9605558872,0.6583317174,32.5,7.5,8,46,46,0
28.5756950378,27.5041503906,20.5,103,103.5,13.5,12.5,1
13.4758300781,17.1499996185,0,9.5,9.5,36.5,36.5,0
10.4897524834,12.0333499908,43,14.5,15,41.5,41.5,0
8.0735559464,8.8416700363,28,-124,-117,48.5,45.5,0
19.524389267,20.1583003998,20,-76,NA,3,1.5,1
9.1595561028,14.1708498001,1,6,6.5,36,36,0
26.1153896332,27.9167003632,1,41.5,43.5,2,0.5,1
3.5986111164,-13.7417001724,0,-136,-61,82.5,52.5,0
25.1033325195,25.4750003815,4,90,91,24.5,23,1
26.5504993439,25.5083007813,0,151,152.5,-4.5,-6,1
17.7121685028,19.1624994278,29,29.5,30,-4,-4,0
8.4847221375,13.4750003815,5,28,28,-30.5,-30.5,0
19.9115533829,28.2875003815,5.5,4,6,12.5,10.5,1
9.9998876572,8.6999998093,36,24.5,24.5,45,44.5,0
26.1986103058,25.4083003998,18,-80.5,-80.5,7.5,7.5,1
12.1902261734,20.1749992371,0,12.5,12.5,32,31,0
15.8416647911,17.4375,25.5,-68,-62.5,-22.5,-26.5,0
28.1375547409,26.0583000183,17.5,99,99.5,10.5,9.5,1
23.821723175,26.8458499908,0,48.5,50,8.5,7.5,1
16.1980014801,17.9333000183,0,-75.5,-75,-14,-15,1
5.6781667709,0.9750000238,0,98,101.5,47,42.5,0
9.0115556717,7.2416701317,50,22,22.5,53,52.5,0
9.088666153,7.9666700363,45,9.5,14,50,47.5,0
5.9635004997,-3.6916699409,30,-79,-57,62,45,0
21.4552776337,22.0333003998,57,102.5,103.5,20.5,19.5,1
10.0882754326,9.9916501045,3.5,29,31,47.5,45,0
27.2909698486,26.1583499908,25.5,5,6,7.5,6,1
9.5011110306,7.8833298683,4,12.5,12.5,55.5,55.5,0
8.6034994125,5.7249999046,75,-72,-71,45,42.5,0
11.3013877869,11.6499996185,42,-75,-74,41,39,0
18.938999176,23.4249992371,16,33.5,35,2,0.5,0
24.6655282974,26.7083501816,21,-88.5,-88,13,13,1
17.6423343658,19.375,21,31.5,33,-18,-21,1
5.8020005703,-2.3833349943,30,-67,-52.5,60,46.5,0
24.0735033035,26.0416507721,36,-14,-13.5,10.5,10,1
18.2333297729,20.6916999817,46,-87.5,-87.5,14,14,1
21.0610027313,20.3416996002,34,105.5,112,26,21.5,1
9.5679447174,8.5916700363,33,23,24,47,47,0
2.3328052521,11.4124999046,0,50.5,51.5,32,31,0
23.9659204483,23.9166498184,77.5,13,16,5.5,2,0
14.0408349037,19.5957994461,0,35,35.5,31.5,30,0
20.6746116638,25.8166999817,2,-16.5,-16.5,15,14,1
10.006082058,22.0791501999,0,-5,0.5,32,28,0
7.4160003662,7.7249999046,2,41.5,42.5,39,38.5,0
27.8129201889,26.5874996185,25,-47.5,-42,-1.5,-10,1
24.0518325806,24.3041992188,23.5,12.5,16.5,-5,-6,1
29.0983318329,27.5,26,-75,-74.5,9,8.5,1
11.1812215805,10.5666999817,51,128.5,129.5,36.5,35.5,0
6.3222224712,1.4083349705,59,16.5,19,63.5,62,0
9.1183889389,14.0625,18.5,27.5,28,-30,-30,0
22.4184486389,24.4750003815,27,36,38.5,-6.5,-10,1
20.6339725494,24.579199791,26,-12.5,-12,11,10.5,1
12.7044401169,15.5082998276,0,20,20,40.5,40.5,0
23.353445816,24.9333000183,4,84,88,27,22,1
26.9259771347,27.3166999817,4,104,104,15,14.5,1
8.49758358,5.7541649342,62,23.5,25,47.5,47.5,0
9.6647779465,8.0083303452,4,8.5,9,55.5,55,0
28.2897205353,25.3083000183,66,102,103.5,4,2.5,1
2.8866663456,0.8583329916,1,70,80,42.5,39,0
15.235751915,18.1958494186,17,-55.5,-54.5,-31.5,-32,0
20.5573907852,20.2333507538,38,120.5,121,23,22.5,1
6.7061114311,2.3166699409,31,10.5,13,47,46.5,0
16.9643033981,18.1666498184,5.5,-106,-93.5,36,26,1
7.5838891983,9.6166701317,1,44.5,47,39,36.5,0
5.3916111946,-2.1458349228,26.5,16.5,24,68.5,65,0
10.9258298874,11.0333003998,0,28,28,45,45,0
23.0918325424,26.5249996185,18,-15.5,-15,12,12,0
27.9881984711,27.3125,4.5,105.5,106.5,12,11.5,1
24.3350006104,25.5249996185,65,-10,-9.5,6,5.5,0
13.7174408913,14.3541502953,42.5,-89.5,-82,36,35,0
21.858669281,22.1166992188,66,93,93.5,24,22,1
29.2310001373,26.0499992371,71,-54,-50,3.5,-1,0
6.3328336716,4.2416701317,22,-68,-64,-54,-55,0
21.1388332367,22.2583007813,36,-70.5,-70,9.5,9,1
21.3602798462,23.7874994278,41,15,16.5,6,5,0
21.6241123199,27.7583007813,10,29.5,35,11.5,6,0
20.5216682434,27.7250003815,16,-2.5,-1.5,10.5,9.5,1
24.456949234,22.7749996185,0,7,7,0,0,1
19.4838859558,21.2583007813,21,-56,-54.5,-26.5,-27.5,1
13.4069404602,19.7166996002,0,14,14,32,32,0
23.9995555878,23.2082996368,NA,-91,-90.5,-0.5,-1,0
28.1058364868,25.5832996368,46,98,100.5,4,0.5,1
17.9706653595,21.5750007629,12,35.5,37,-4.5,-7,1
4.8681388378,8.6291649342,0,69,69.5,34,33.5,0
18.7776103973,22.3832998276,19.5,28.5,30.5,-15,-16,0
7.544138813,21.5083494186,0,38.5,41.5,30.5,28,0
24.9424991608,25.1833000183,13,-70,-70,18,18,1
17.7175006866,17.6000003815,42,114,118.5,29.5,24.5,0
9.2025830269,8.0833349228,43.5,22,22.5,50,50,0
11.7972522736,16.4458494186,11,-67,-65,-32.5,-36,0
12.5274137497,17.2167005539,4.5,36,36,33,32.5,0
5.7318327904,9.4250001907,0,47.5,50.5,36.5,35.5,0
21.7882240295,25.5333003998,41,17,19,7.5,5.5,0
26.7427219391,24.9333000183,67,-84.5,-83,10,8.5,1
20.7166690826,27.2332992554,17,1.5,2.5,11,8.5,0
28.0220819473,26.5292005539,28.5,-70.5,-67.5,6,3,1
9.1175003052,8.4499998093,0,8.5,8.5,47,47,0
16.221777153,22.4791507721,12,-99,-98.5,18.5,18.5,0
17.2810827255,28.5416994095,0,-2.5,-1.5,13.5,13,1
12.1991659164,16.5750007629,0,15.5,17.5,-25.5,-28.5,0
7.0329446793,9.0416703224,1.5,40.5,41.5,39,38.5,0
16.1359420776,21.2749996185,25,34.5,37.5,10.5,8,1
27.1650009155,24.8250007629,29,-88.5,-88.5,17,17,1
8.9572778702,7.7249999046,63,10.5,12,51,50.5,0
12.8783597946,18.0083503723,0.5,33,33.5,34.5,34.5,0
19.6104215622,21.3125,38,15.5,19,-8,-11.5,1
19.4563581467,20.9916505814,19,13,15,-12.5,-14,1
13.7721378326,15.8791499138,11,-102.5,-94.5,36.5,33.5,0
23.3790584564,24.1166992188,30,37.5,39,-5,-6,1
9.7209176064,8.1083350182,0.5,10.5,11,55,55,0
8.1296668053,5.6916699409,30,5.5,7,59,58.5,0
12.577667141,13.5541501045,33,28.5,29,41,41,0
7.3672218323,8.0583295822,37,20.5,20.5,42,42,0
22.4520004272,22.75,77,101,107.5,20.5,15,1
11.759472084,10.9416651726,1,-74.5,-71,-15,-17,1
6.0707781792,-0.0916666463,0,-36.5,-36,-54.5,-55,0
8.2930553436,4.8166699409,74,25.5,26.5,47.5,47,0
16.0115577698,13.0666999817,22,88,88,27.5,26.5,0
21.8580566406,25.8416996002,44,19,20,8,6.5,0
14.8149995804,18.0333003998,2,10.5,10.5,36.5,36.5,0
7.9749999046,9.2666702271,0,21,21,40.5,40.5,0
11.3694440842,11.0333003998,9,9,11,46,44.5,0
12.4298902512,13.4333000183,3,-77,-75,39,38,0
26.824445343,26.0417003632,73,-91.5,-89.5,20,18,1
8.2143331528,11.6082997322,1,-108.5,-103,36.5,31.5,0
5.9261111736,2.4958349466,33,7.5,8,45.5,45.5,0
24.3352472305,25.2917003632,34.5,99.5,100,18.5,17.5,1
13.9597196579,14.3332996368,57,92,92,27,27,0
22.2663902283,25.2082996368,28,-7.5,-7,8.5,8,1
17.2044445038,20.1458501816,0,31,31.5,31,31,0
17.8677265167,21.6583003998,33,29,30.5,-9,-12.5,0
16.4325244904,26.2708501816,1,8.5,9.5,12.5,10.5,1
23.8477802277,23.3999996185,16,90,96,27.5,24,1
9.3021945,8.874985218,37,NA,25,42,41.5,0
6.8171669483,3.0291650295,4.5,6,9,63,62,0
24.5263900757,26.1749992371,74,74.5,74.5,15,15,1
17.6847244263,22.1166992188,5,34.5,38,4,-3,1
18.0163898468,20.0249996185,12,30.5,30.5,-3.5,-3.5,0
13.9763898849,18.1166992188,1,1,1,35.5,35.5,0
12.6922239304,13.0458498001,46.5,-88.5,-82.5,38.5,36.5,0
10.6252759933,10.2833003998,67,17.5,18,46.5,46,0
9.5196115494,26.2583007813,0,-4.5,4,31,19,0
8.9088335037,6.4666700363,30,41,46.5,43,41,0
22.5905544281,27.1166992188,0,42,43,18,16.5,0
10.4310541153,15.3999996185,6,-67.5,-63.5,-35.5,-39,0
23.5793619156,24.9749994278,40,-7.5,-7,7,7,1
28.8663902283,28.2749996185,3,101,101,13.5,13.5,1
11.4658361435,14.8166999817,22,-7.5,-7,40,39.5,0
10.839056015,22.5417003632,0,43.5,45,35,33.5,0
10.3775558472,11.375,7,25.5,26.5,42.5,41.5,0
7.3866942883,7.1291699409,1,-108.5,-102,40.5,37,0
19.1263904572,28.0417003632,6,-1,-1,11,11,1
25.0113296509,27.2417001724,0,49.5,51.5,11.5,8.5,1
9.6867225647,8.4083299637,63,14,16.5,46.5,45.5,0
14.7661104202,18.0666999817,19,10,10,37,37,0
22.1298881531,25.3375005722,42,-59.5,-58,-20,-22.5,1
22.035720253,21.8833494186,45.5,-88,-88,15,14.5,1
21.5694976807,22.0416994095,30,-87,-80,30.5,25,0
15.1153917313,23.0333003998,0,-16.5,-8.5,27,21.5,0
18.8720546722,22.5750007629,19,31.5,34,-4.5,-7,1
1.198333025,-3.1583299637,0,79,99,36,28,0
24.9371116638,25.6333007813,77,-9,-8.5,5.5,5,0
9.5113887787,7.4749999046,3,10,11,56,56,0
23.7655601501,25.375,29,-85.5,-85.5,12,12,1
19.3509437561,26.5,15,-9.5,-9,12,11,1
16.1238342285,19.1749992371,15,-57.5,-56,-30.5,-31,0
24.5516700745,23.9167003632,17,13,15,-6.5,-7.5,1
3.9608330727,-5.6083297729,0,94,99,49.5,46.5,0
17.3183046341,27.5749998093,1.5,14,15.5,12.5,10,0
18.5553897858,21.7917003632,35,-62.5,-58.5,-24.5,-28,0
9.8206943512,9.5708298683,61.5,-73,-72,41.5,41,0
28.8880805969,27.7791500092,25,101.5,102,12.5,12.5,1
24.5747203827,26.1499996185,82,-58,-57,5.5,1.5,1
28.5604976654,24.5,65,116,119.5,7,4,1
25.646027565,25.1958503723,0,115,115.5,-8.5,-8.5,1
8.5139723778,6.9166650772,35,20.5,21,49.5,49.5,0
6.5206385612,6.1666650772,0,94,108.5,42.5,32.5,0
10.5258302689,NA,0,-14,-7,21.5,18.5,0
9.9165837288,9.1291651726,8.5,6.5,9.5,52,50.5,0
21.8220003128,20.9082994461,32,-73,-72,8.5,7,1
26.6422195435,25.8917007446,21,39.5,39.5,-6.5,-6.5,1
8.9141113281,11.8999996185,0,64.5,65.5,36.5,35,0
6.3133892059,-2.5999999046,33,-101.5,-89,59.5,49,0
11.1252470016,12.5583500862,36.5,27.5,28,41.5,41.5,0
22.8691959381,23.2874994278,18,106.5,107,21,21,1
15.3864421844,20.4832992554,17,35.5,38.5,11.5,10,1
22.8997192383,23.9832992554,0,-71,-71,18,18,1
10.6029196739,10.3417000771,13,2,4,50,49,0
20.4200819016,20.2041501999,16.5,45.5,48.5,-20.5,-24,0
7.5034450531,8.7666702271,0,35.5,37,39,38,0
10.4147195816,9.5583295822,65,-74,-71.5,-40,-44,0
9.6453059196,8.5333299637,7.5,11.5,14,54,53,0
20.5604200363,21.4624996185,26.5,-55,-54.5,-25,-26,1
21.4212503433,23.1791496277,26,-56.5,-55.5,-22.5,-23.5,1
9.3141664505,7.9083299637,67,16.5,17.5,53,52.5,0
26.5694976807,25.7749996185,82,-60.5,-58.5,6.5,5,1
14.7519439697,19.6583499908,0,33,35,31,29.5,0
9.0227226257,18.9083499908,0,0,2.5,34,30.5,0
21.1370569229,22.875,18,32.5,33,-24.5,-27,1
9.803416729,8.3416647911,4,11.5,12.5,55,54.5,0
19.692779541,22.3332996368,26,31.5,33.5,1,-1,0
11.0851673126,10.0583353043,75.5,128,128,36.5,36,0
5.741666317,-0.9375,28.5,21.5,30,69.5,65.5,0
10.3415559769,9.9666700363,37,21.5,22.5,46,46,0
17.7122192383,21.5833501816,11.5,34,35.5,-4.5,-7.5,1
14.22544384,27.4832992554,0,11.5,15.5,17.5,13,0
26.392780304,27.1000003815,5,43.5,45.5,3,1,1
18.9961425781,27.9333000183,7.5,-3.5,-3,12,11.5,1
27.6213611603,27.8208503723,3,100,100.5,14.5,14,1
20.3919475555,23.6667003632,0,48,51,18,14,0
20.1899986267,18.7416992188,65,-76,-73.5,-11,-12.5,1
24.7484420776,24.7000007629,42,22.5,26,-2.5,-8,1
22.6116094589,24.5707998276,40,-7.5,-7,7.5,7.5,1
27.1984701157,24.1125001907,71,102,102.5,5.5,4.5,1
23.9999397278,22.5583000183,0,-82.5,-81,9,8.5,1
10.5925243378,9.4291648865,0,-68.5,-65,-25.5,-30,0
5.9924998283,0.3541664928,51,-119.5,-110,59.5,49,0
10.2008304596,9.7833299637,2,5,5,50.5,50.5,0
17.331949234,28.5750007629,0,0,0,13,13,1
26.3389984131,25.4500007629,0,116.5,118.5,-8.5,-9,1
23.3500003815,24.0499992371,8,106,106,20,20,1
25.0946655273,25.3166999817,0,120,125,-8.5,-11,1
12.1161939621,12.8207998276,43.5,-78.5,-78,-1.5,-1.5,1
20.1340003967,22.2332992554,34,30,31.5,-4,-6.5,1
6.5945833683,10.1916999817,0,69.5,70,34.5,34.5,0
27.1600315094,27.625,31.5,99.5,101,15.5,15.5,1
8.5130280495,24.3541507721,0,1,12,29,19,0
22.717445755,27.1082992554,13,-4,-2.5,9.5,8.5,1
11.1294692993,16.9499998093,19.5,-100,-99,21,20,0
16.6563640594,20.6541500092,14.5,27.5,28,-21,-21.5,0
25.5061655045,25.0332994461,24,-76,-75.5,20,20,1
28.1051401138,26.4499998093,42,-58.5,-58,6.5,6.5,1
24.6804151535,24.6500005722,76.5,-67,-60.5,8,3.5,1
5.8312502384,-0.3291665018,32.5,15,21.5,66,63.5,0
19.6466930389,23.4000005722,24,32.5,33.5,3.5,1.5,0
9.1895837784,8.7333350182,2,33.5,37,48.5,47.5,0
0.8961667299,0.7541669905,0,73,77.5,36.5,34.5,1
7.0625,2.9083349705,44.5,21.5,24.5,63.5,62,0
14.4933300018,18.6499996185,13,35.5,35.5,33,33,0
24.6413898468,23.8917007446,21,109,111,19.5,18.5,1
27.0804475784,25.7083501816,39.5,-6.5,-6,5.5,5.5,1
9.2829721451,8.0041646957,15.5,19,19.5,53,53,0
29.2999164581,27.2833499908,12,-75,-74.5,10.5,10.5,1
24.9804981232,24.4916992188,18,-80,-79.5,22.5,22,1
8.349833107,6.6583299637,14,19,20,49.5,49.5,0
24.9154720306,26.6957998276,0,-16,-15.5,11,11,0
23.7159420013,24.5916996002,8,-70,-69,10,9.5,1
27.9354976654,26.9500007629,29,102,102.5,14,13,1
20.9422206879,21.4083003998,NA,-149,-138.5,-18,-22.5,1
29.2025003433,26.5250005722,31,6,7.5,5,4.5,1
24.2769508362,25.3332996368,0,-72,-72,19.5,19.5,1
27.4530021667,25.8166999817,0,155,156,-6,-7,1
19.3588905334,21.7416992188,11,30.5,32.5,-16.5,-17.5,1
14.458609581,19.8332996368,0,14,14,32.5,32.5,0
9.3544722557,10.5708351135,9,30,30.5,40,39.5,0
9.8423614502,7.0208351612,1,125.5,127,39.5,38.5,0
9.3926671028,8.5833301544,68.5,15,16,53,52.5,0
27.5252799988,26.4333000183,82,-3,-3,5.5,5.5,1
7.8352780342,7.9166698456,19,-124,-116.5,45.5,42,0
22.4601696014,21.7332992554,48,90.5,93,25.5,25,1
20.1994400024,27.7583007813,11,-14,-14,13,13,1
29.0313892365,27.4167003632,0,100.5,100.5,7,7,1
NA,NA,0,-79.5,-79.5,19.5,19.5,1
23.3123588562,22.7791500092,52,108,108.5,11.5,11.5,1
17.0780601501,23.1749992371,1,77,77,30.5,30.5,1
27.4105606079,27.3166999817,24,106.5,106.5,11,11,1
18.7707490921,19.0291500092,13.5,46,48,-18,-20.5,0
19.6285556793,23.0083007813,30,-62,-57.5,-23,-27,0
11.0687252045,9.8333296776,2,125.5,126,38,38,0
17.2247200012,28.4500007629,1,-1.5,-1.5,13,13,1
12.4378037453,16.6750001907,35,8,8.5,36.5,36.5,0
9.1670275688,8.0458350182,3,19.5,20.5,51.5,51,0
6.4192782402,8.7833299637,15,-73.5,-72,-13.5,-14.5,1
20.2972503662,26.5458498001,30.5,16,16.5,8.5,8.5,0
25.0563907623,26.25,0,-5.5,-5.5,7,7,1
10.3152206421,8.8208498955,38.5,26,26.5,45,44.5,0
24.8341693878,25.9582996368,25,-6,-6,7,7,1
13.85916996,14.0749998093,81,91,91,27,27,0
22.3021118164,22.6916999817,14,43.5,47.5,-18.5,-25.5,0
8.4609442234,9.5333499908,34.5,-2.5,-2,42,42,0
28.2158601761,27.3999996185,15.5,105,105.5,10,9.5,1
10.4347200394,21.8582992554,0,32,32,26.5,26.5,0
26.3294464111,24.875,54,-87.5,-86.5,15.5,15.5,1
26.0236091614,27.4582996368,15,-91.5,-91.5,14,14,1
12.6957241058,12.266699791,29,127,128,35,34.5,0
9.7334997177,8.4375,6.5,9,11,54.5,53.5,0
26.4017253876,26.2583007813,20,-50,-46,-5.5,-13.5,1
18.2813892365,27.9832992554,1,0,0,12,12,1
10.30024786,9.4375,41,-80,-75,42,39.5,0
14.4333343506,29.125,0,4.5,6.5,18,13.5,0
8.6983337402,10.6583499908,1,30.5,32,39.5,39,0
25.8577264786,25.8042001724,30.5,-11,-10.5,7,6.5,0
25.7559417725,25.8666992188,46,99,100,15,13.5,1
16.6333293915,20.4832992554,0,31.5,31.5,30.5,30.5,0
8.9730558395,6.1666698456,9,-92.5,-86.5,47,42.5,0
10.1910237312,8.6666698456,15,6.5,7,53,53,0
26.0022230148,25.4000005722,55,107,107.5,14,13,1
27.0751098633,23.7000007629,60,-66.5,-65.5,18,18,1
14.4577798843,18.0583000183,7,0.5,0.5,35.5,35.5,0
7.9234441757,4.4083299637,55,12.5,14.5,60.5,58.5,0
20.7489135742,25.0458498001,33,-101.5,-98,18.5,16.5,0
21.1563892365,26.5167007446,19,-6,-6,10,10,1
23.8497806549,23.6166992188,0,167,168.5,-15.5,-17,1
9.0779444695,7.6791698933,3.5,22.5,23,51,51,0
12.350279808,16.125,27,-7.5,-7.5,39,39,0
2.6502219915,4.5,0,68,69,34,34,0
28.2250003815,25.2749996185,56,-85,-83,14.5,11.5,1
20.4593894958,22.7000007629,20,-50.5,-40,-14.5,-23,1
23.7515600204,25.016699791,41.5,21,22,5,4.5,0
7.8636664391,5.4916701317,30,7,8,58.5,58,0
21.8711704254,21.5958499908,36,-85.5,-85,14,13,1
19.061164093,26.5333499908,11.5,12,13.5,10,7.5,1
9.0866948128,6.979170084,55,12.5,13.5,57,56.5,0
10.510308075,9.9958500862,4,4,4.5,51,51,0
26.0203086853,24.8916501999,76.5,14.5,17.5,0.5,-1.5,0
23.4483894348,24.2124996185,46,100,100.5,19,19,1
9.2721671104,7.2583351135,54,-79.5,-73,44.5,40.5,0
8.9626113892,10.6999998093,1,29,30.5,39,38.5,0
20.2448360443,26.9333000183,0,51.5,51.5,25.5,24.5,0
9.8644445419,9.4124999046,2.5,20,20.5,47.5,47.5,0
27.3252792358,27.7917003632,8,101,101,14.5,14.5,1
28.9850538254,26.9166498184,22,-75,-74,10,7,1
9.0946944237,7.9583349228,1,20,20.5,50,50,0
11.1396100998,15.5666999817,3,-7,-4.5,40,38,0
11.7781681061,13.2417001724,3,27.5,28,41,40.5,0
23.7246143341,24.7000007629,29,38.5,40.5,-11,-14,1
3.9338889122,0.5083330274,0,74.5,79.5,35,32.5,1
13.2841129303,17.6083498001,2.5,2,2.5,36,36,0
8.5758333206,7.3166699409,74,9.5,9.5,47,47,0
20.3670854568,22.870850563,20,104,105,21.5,20.5,1
9.2048337936,7.7041699886,30.5,19.5,20.5,54,53.5,0
6.5761667252,10.7166996002,0,69.5,70,33.5,33,0
7.8677776337,4.0166702271,69,-68.5,-64.5,47.5,44.5,0
11.1608347893,12.0625,4,-71,-70,-32.5,-33.5,0
8.64402771,4.3208348751,53.5,127,129,40.5,39.5,0
10.3778362274,9.9166698456,4,116,117.5,40.5,39.5,0
20.9984981537,26.0291500092,26,-13.5,-8,11,7.5,1
8.9225557327,NA,38,18.5,19,57.5,57,0
13.889169693,19.4083003998,5,34,34,35,35,0
27.9349994659,27.5583000183,0,106,106,11,11,1
14.1703911781,17.1875,0,3.5,4,36.5,36.5,0
11.1856119156,11.2749996185,9,26,26.5,44,43.5,0
8.8747224808,10.0749998093,0,69.5,70.5,37,35.5,0
17.5597723007,20.1416501999,28,34.5,37,-7.5,-10.5,1
25.8908290863,26.4916992188,20,95.5,97,19,17,1
25.0792243958,24.1583003998,74,12,14.5,1,-0.5,0
26.5913324356,26.5207996368,41,107.5,107.5,11,10.5,1
17.2139453888,28.8999996185,0,-5,-1,15.5,13.5,0
8.5944442749,9.9583301544,12,21,23,42,41,0
10.3649980545,8.4583301544,54,127.5,129.5,38,37,0
19.3056945801,22.3083496094,39,18,22,-7.5,-10.5,1
26.6124446869,24.9333000183,15,121.5,122.5,18,16,1
29.7924438477,26.8166999817,50,102.5,108.5,-2,-5,1
9.6508893013,20.4416503906,1,16,16.5,-21.5,-21.5,0
27.0794391632,26.0333003998,0,110.5,110.5,-8,-8,1
20.1411100388,21.8833503723,74.5,-86.5,-86,14,14,1
14.8902797699,17.9416999817,3,11,11,36.5,36.5,0
10.8255548477,21.1083498001,0,15,19,29.5,26,0
11.0963907242,24.0416498184,0,44.5,46.5,31,29,0
6.5255557537,6.8375000954,1,43,44.5,39,37.5,0
21.8847492218,23.0500001907,42.5,106,106,22,21.5,1
21.6452274323,25.4791498184,40.5,-13.5,-13,11,10.5,1
8.5485276222,15.8125,0.5,37,37.5,32.5,32.5,0
9.6129443169,8.166670084,39,168.5,173,-41.5,-44.5,0
9.9502773285,20.2750005722,0,18,20,-26,-27.5,0
27.4370792389,26.2666501999,26.5,-12.5,-11,8,7,1
21.8067497253,25.2249994278,12.5,-40.5,-35,-8,-9.5,0
9.5613332748,19.9666996002,0,39.5,44,34.5,32,0
18.7203323364,21.4083003998,0,45,46.5,15.5,14.5,0
27.2481435776,27.7749996185,13.5,100,100.5,15,15,0
25.9983291626,26.2082996368,12,-5.5,-5.5,6.5,6.5,1
12.5399459839,12.983300209,2,115.5,122.5,37.5,34.5,0
8.1522226334,6.2333297729,9,10.5,10.5,59,59,0
8.5596670151,5.3166699409,27,-64,-62.5,46.5,46,0
26.789440155,27.0167007446,17,-4.5,-4.5,6.5,6.5,1
6.7338891029,9.8249998093,0,-71.5,-63.5,-42.5,-46,0
12.6655323029,15.6666502953,5.5,-0.5,0.5,40,38,0
10.9337536812,11.5208497047,13.5,13,14,43.5,42.5,0
27.5762268066,26.3875007629,47.5,100,100,12,11.5,1
7.7466389179,4.0916700363,57.5,24,26.5,60.5,60,0
14.9696157455,18.0417003632,6,-102,-98.5,24,21,0
17.1280586243,17.4500007629,53,-91,-88,34.5,30.5,0
20.1333854675,26.0583000183,27,-10,-9.5,11,9.5,1
10.2416641235,9.0833301544,9,-10,-6,55,51.5,0
6.1463888168,0.912499994,39,12.5,16.5,64.5,61.5,0
23.4840585709,26.0958003998,20,-16.5,-16,12.5,12.5,1
9.6416669846,22.6583003998,0,19.5,25,26.5,19.5,0
18.4430599213,20.6833000183,73,-91.5,-91.5,14.5,14.5,1
6.2265279293,17.1708498001,0,53.5,56.5,33,30,0
26.0501394272,25.1000003815,0,149.5,153.5,-9.5,-11.5,1
22.5809459686,24.9832992554,44,20,22,7,5,0
19.7055015564,26.3582992554,19,-10.5,-10,11.5,11,1
10.2266702652,9.0333299637,4,6,6,52.5,52.5,0
12.4000792503,12.2708001137,47.5,174.5,175,-39,-40,0
27.1712203979,24.4416999817,20,-84.5,-84,11.5,11,1
12.7612521172,18.6167001724,1.5,70,72,34.5,31,1
18.2386957169,21.7541503906,14,28.5,30.5,-16,-19,0
10.0991697311,9.8166704178,0,23,23,47.5,47.5,0
22.3457756042,25.4083003998,78,-8.5,-8.5,7,6,0
23.9708347321,22.0832996368,62,-82.5,-81.5,8.5,8,1
24.394030571,24.891699791,75,124.5,127,-9,-9.5,1
7.1767225266,2.2416698933,65,15,17.5,62,60,0
20.7783893585,21.8833503723,58.5,-79,-79,-1.5,-2,1
7.479749947,6.3291499019,48,83.5,84,28.5,28,0
17.3604446411,22.2250003815,14,34.5,35,0,-1,0
10.3794398308,25.7749996185,0,32,33.5,23.5,22,0
28.7711082458,27.4041500092,30,-74.5,-73.5,11,9,1
26.5844402313,25.6667003632,0,-77,-77,17.5,17.5,1
11.5569400787,11.6999998093,8,-0.5,1,46.5,45,0
15.3498578072,20.0833501816,16,26,26,-25,-25.5,0
18.2589155197,25.5208501816,9.5,6.5,8.5,11,9,1
23.5114189148,23.920800209,44,-66.5,-66,10,10,1
18.6258296967,20.6583003998,22,-59,-56,-28,-30.5,0
17.0067798615,17.2082996368,81,-78.5,-78,0.5,0,1
12.0006147385,16.1125001907,0,9.5,9.5,36,35.5,0
27.5152244568,25.3916501999,32,-79,-78.5,9,9,1
10.9866936684,11.1875,4.5,23.5,24,44,44,0
8.1550559998,5.3166699409,69,11,12,59.5,59,0
12.5053918839,22.6499996185,1,14.5,18,-18,-18.5,0
9.4755558014,8.5250000954,5.5,31,33,47.5,46.5,0
9.5127782822,9.7250003815,72,16.5,16.5,48,48,0
23.5034999847,22.9249992371,66,101,102,19.5,17.5,1
7.301333046,8.3583297729,1,37,38,38,37.5,0
12.4236948967,12.8708496094,15.5,-95,-89,40,36,0
28.0157787323,25.9750003815,55,-84.5,-84,10.5,10,1
19.5563907623,22.8833007813,39,22.5,30.5,-5.5,-13.5,1
8.6669996262,5.7833299637,7,-59.5,-58,-52,-52.5,0
18.0870857239,20.254149437,1,12.5,13.5,-14,-17,1
16.9007213593,21.4333000183,18,26,29,-17.5,-20,0
26.5791702271,25.2292003632,41.5,10.5,12,-3,-3.5,0
5.4414164543,1.7541700006,0,101.5,104.5,47,44,0
21.5020015717,27.2250003815,18,-15.5,-13.5,13,12.5,1
12.3583297729,16.8250007629,8,9,9,36,36,0
8.256111145,7.4749999046,3,-103.5,-96.5,45.5,42.5,0
19.4103328705,20.9500007629,60,96.5,100.5,23.5,19.5,1
26.3183307648,25.4500007629,22,-82.5,-82.5,21.5,21.5,1
10.1635532379,10.4333000183,0,-70,-67,-29,-32.5,0
9.4243911743,6.8166699409,78,25,25.5,45,44.5,0
8.3289447784,5.7333297729,42,16.5,17.5,59,58.5,0
13.7761149406,17.3083000183,0,44,45,16.5,15,0
13.7289728165,16.8791503906,7,-1,-0.5,35,35,0
11.4497203827,12.4582996368,9,-72,-70.5,-35.5,-36.5,0
26.9431943893,25.1667003632,70,148,149,-8.5,-10,1
16.7514194489,20.9916496277,5,32.5,32.5,30.5,30,0
8.0115001678,10.8832998276,2,30.5,31.5,39,38,0
9.1265843391,7.7041649818,7,22,22.5,52,51.5,0
10.2777211189,9.4458298683,21,5,6,51.5,51.5,0
17.8466701508,28.3250007629,0,0,0,12.5,12.5,1
28.2861118317,27.4249992371,0,105.5,106,9,8.5,1
9.7102780342,22.5666503906,0,6.5,11.5,29.5,24,0
9.3222780228,8.6208353043,31.5,16,16.5,51,51,0
8.2837776184,5.8666701317,73,15,17,58.5,57.5,0
9.3654724121,14.6166496277,5.5,5.5,5.5,36,35.5,0
7.0220554352,3.0916700363,41,24.5,26.5,63,61.5,0
24.1938903809,24.5249996185,16,101.5,102,17.5,17,1
16.2206945419,27.2999992371,0,9.5,10.5,12.5,11,1
19.7602806091,21.3083000183,57,-56,-56,-26,-26,1
17.2986118317,17.7000007629,35,-66.5,-64.5,-16,-18.5,1
13.3166704178,15.3667001724,0,-16.5,-16.5,32.5,32.5,0
11.4227499962,11.0333499908,12.5,-4,-1,48.5,47.5,0
3.1437778473,0.3583329916,0,68,75,40.5,36.5,0
12.4674404144,24.7749996185,0,47,48,29.5,29,0
23.4988899231,26.7667007446,0,-56,-56,5.5,5.5,1
17.7507459641,19.5916500092,31,14,16.5,-10,-12,1
17.8169403076,28.2416992188,1,-2,-2,12.5,12.5,1
10.9418899536,10.8416996002,7,26.5,27,43.5,43,0
8.523888588,6.3333301544,73,26.5,26.5,45.5,45.5,0
27.4002799988,27.2833499908,22.5,-71.5,-66.5,7.5,6,1
12.8945851326,15.8333501816,10,28,29.5,37,36.5,0
20.2574996948,21.875,11,33,35.5,-1.5,-2.5,0
16.8211414337,17.6541500092,40.5,-88,-85,34.5,30,0
8.3295558929,3.3583300114,43,129.5,130.5,42,40.5,0
19.0504169464,25.0666999817,23.5,-11.5,-11,11.5,11,1
26.3260797501,26.3416500092,6,86.5,89.5,26.5,21.5,1
9.2451117516,8.2458348274,6,21,21.5,50,50,0
11.6255598068,14.1833000183,20,20,20,41,41,0
17.0518892288,19.629149437,17,-98.5,-97,20.5,18,0
9.0333053589,17.4624996185,0,36.5,40,35,33,0
19.8578632355,21.7458000183,28,32,32.5,0,0,0
25.8424766541,25.9624996185,14,38.5,39.5,-6.5,-8.5,1
25.8680591583,25.1499996185,81,12,13.5,0,-2,0
24.6897762299,25.045800209,11,100.5,100.5,18.5,18,1
9.7655553818,15.3332996368,14,-98,-98,19,19,0
10.4515541077,10.4582996368,17,3.5,5.5,48,46,0
22.528670311,21.7916507721,44,-88.5,-88.5,15,14.5,1
26.7041391373,26.5625,49,99.5,100,13.5,13,1
6.2329449654,-0.383333195,70.5,127.5,129,41.5,40.5,0
25.5873603821,27.4375,20.5,2,2.5,8.5,7,0
18.2248363495,22.4750003815,15,24.5,26,-18.5,-19,0
10.434280014,9.3249998093,6,26.5,27.5,45,45,0
19.7982242584,22.5666503906,41,-103,-100,20,18,0
22.3281135559,24.3083000183,18,-52.5,-46,-13.5,-19.5,1
11.9418292046,14.7874999046,21.5,-100,-98.5,19.5,18.5,0
8.4333333969,9.9333295822,0,20.5,20.5,40.5,40.5,0
9.4088888168,7.0333299637,7,119.5,125.5,43,39,0
9.0016670227,17.7250003815,0,2,4,34,32.5,0
17.6364440918,20.7667007446,8,35.5,38,-2.5,-6,1
20.7675045013,24.370850563,29.5,-8.5,-8,9,8,1
23.814333725,23.4582996368,73,13.5,14.5,-2.5,-4,0
6.4244721889,2.2250000238,5.5,8,10.5,60.5,59.5,0
7.7973335266,12.4167003632,1,46,47.5,34.5,33.5,0
9.4347219467,8.8833303452,36,6.5,8.5,50.5,49,0
27.5102806091,27.6667003632,58,106.5,106.5,10,10,1
11.0419397354,23.6417007446,1,33,33,25.5,25.5,0
20.3833293915,25.5583000183,2,36.5,39.5,4,-3,1
22.3447265625,23.2708501816,49,-68,-67.5,10,10,1
5.1078054905,-3.3999999762,0,90.5,95.5,50,48.5,0
20.6916694641,27.3250007629,6,-3,-3,10,10,1
21.3913898468,26.2749996185,21,-6,-6,9.5,9.5,1
1.0661109686,-2.208329916,0,90.5,90.5,28,28,0
28.1416110992,26.3042001724,29,-73.5,-73,10.5,8,1
16.7016117096,27.5249996185,0,34,38.5,21.5,12.5,1
11.8223321915,13.9041996002,38,-8,-7.5,40.5,40.5,0
28.4993349075,27.566649437,0,105,105.5,11.5,11,1
21.4198314667,26.5666999817,33,-14,-13.5,12,11.5,0
25.8822193146,23.9083003998,NA,-159.5,-159.5,-21.5,-21.5,1
11.4380869865,16.1416497231,0,10,10,35.5,35,0
9.2816945076,8.4125003815,26.5,18,18.5,51.5,51,0
19.524527359,22.7583494186,6.5,-81,-79.5,-4.5,-6.5,1
11.0913043976,10.9083497524,20,84,85,28.5,28,0
9.6218061447,17.1541996002,4,40.5,42,37,37,0
7.8042222023,16.9832992554,0,50,55.5,34,31,0
12.359948349,14.391699791,12,12,14,42,41,0
10.9258298874,11.6667003632,41,-8.5,-7,43,42,0
9.2024998665,7.5083348751,48,17.5,22.5,49,47.5,0
11.0498600006,11.5208001137,18,-73,-71,-36.5,-38.5,0
10.0156938553,14.3875002861,0.5,-0.5,0,35,34,0
7.9988889694,6.7833299637,38,90,90,27,27,0
5.3156392574,12.5749998093,1,47.5,50,34,33,0
8.8386117935,15.8416996002,7,38,39,37.5,37.5,0
14.6122250557,19.25,0,21,22,32.5,31,0
28.6357509613,26.4625005722,31.5,-5,-5,5.5,5,1
13.250975132,21.0333499908,1,18,19.5,-20,-21,0
11.1861701965,17.8500003815,5,-102.5,-102,22,21.5,0
10.3494417191,15.1999998093,0,66,66.5,37,35,0
9.5459447861,8.5166702271,67,5.5,6,50,49.5,0
21.4750003815,24.8083000183,26,-10,-10,8.5,8.5,1
19.9491691589,21.5083007813,62,-88.5,-88.5,14,14,1
14.3500003815,20.1166992188,0,13.5,13.5,32.5,32.5,0
3.7038887262,-5.5208351612,4,98,103,51.5,48.5,0
12.0930260658,28.9666996002,0,-8.5,-5.5,21.5,15.5,0
23.0555591583,25.4500007629,10,95.5,97,22,19.5,1
11.4036070824,11.3166499138,4,-1.5,0.5,48,46.5,0
27.1977806091,26.625,52,-3.5,-3.5,6,6,1
9.0270554543,18.1750001907,0,61,64.5,33.5,32,0
28.707610321,26.9750003815,34,-85.5,-85,10.5,10,1
10.1097757339,13.5,2,-4.5,-1,41,38,0
19.6952772141,21.1791505814,48.5,-56,-55.5,-26.5,-26.5,1
27.7456106186,27.0999994278,41,80.5,82,9.5,6,1
10.3313903809,9.8083295822,19,5,5,51,51,0
25.2188892365,26.5249996185,0,-54,-54,5.5,5.5,1
10.8394498825,17.6166992188,0,36,36,31,31,0
24.2549991608,26.3250007629,21,-5.5,-5.5,7.5,7.5,1
24.9823875427,27.125,23,-2.5,0,8,6.5,1
10.6299976349,9.125,7,126,127,38.5,38,0
18.8441913605,28.3666992188,9.5,-11.5,-8.5,15,12,0
26.3080596924,25.7833003998,0,39.5,39.5,-7,-7,1
11.2543096542,11.1125001907,4,27,28.5,43.5,43,0
8.8327226639,7.9416649342,3,38.5,40,49.5,48,0
24.2104747772,24.5958499908,33,91.5,92.5,23.5,23,1
11.3909439087,11.7749996185,46,176.5,177.5,-39,-40.5,0
26.5289997101,25.3374996185,78,-75.5,-70.5,-8,-11.5,1
16.5952762604,27.8916501999,1,12,14.5,13,10,1
8.056388855,12.0832996368,10,28.5,28.5,-30.5,-30.5,0
19.2841701508,25.1583003998,4,77.5,84.5,30.5,24,1
15.2727216721,17.6749992371,14,-55,-53,-32.5,-33,0
24.601805687,26.016699791,50,-58.5,-57.5,5.5,4.5,1
1.9879726052,-3.3166650534,0,90,103,39,31.5,0
9.3460000992,8.3583297729,3,18,19,52,52,0
9.0082775116,8.0583295822,1,30.5,33.5,48.5,48,0
19.1449728012,22.6416501999,0,44.5,46.5,16.5,16,0
14.7511100769,16.6499996185,14,30,30,-2,-2,0
10.8641141891,16.8917007446,0,7.5,8.5,35.5,34,0
15.1259711742,17.954199791,5.5,80.5,81,29.5,28.5,0
19.1855026245,28.1833000183,2,0.5,1.5,12.5,11,1
24.1177806854,25.2332992554,59,-69,-69,19,19,1
7.9955558777,5.3374998569,61,17,18.5,60,59.5,0
15.6475000381,21.0167007446,0,32,32,30,30,0
19.9013912201,25.2166996002,1,40.5,47.5,10.5,5,1
22.131388092,22.5499992371,62,146.5,147.5,-6.5,-8,1
18.3522205353,28.2416992188,1,-0.5,-0.5,12,12,1
8.1618889809,10.375,1,31.5,34,40,38.5,0
20.1591644287,27.6792001724,4,-16,-14.5,14,13.5,1
10.2240560532,10.0749998093,13,18.5,19,47,46.5,0
21.2822208405,23.7082996368,0,53.5,59,28.5,25.5,0
10.9055583954,12.8999996185,6,-71,-70,-33.5,-34,0
8.2806114197,13.6332998276,2,-71.5,-63,-38,-42,0
14.6458301544,NA,14,-56.5,-56.5,-34.5,-34.5,0
16.4112480164,12.2874999046,26.5,-73,-70.5,-12,-15,1
28.5001115799,25.7875003815,42.5,106,108.5,-6.5,-8,1
8.605694294,5.9791650772,69.5,25.5,26.5,46.5,46,0
11.6300276756,12.5291500092,2.5,117.5,118,39.5,38.5,0
17.6090045929,24.8083000183,1,70,75.5,33.5,27.5,1
10.9172201157,14.1208000183,8,27.5,29,39,38,0
7.5218892097,10.0749998093,0,45.5,49,39,37,0
20.0163898468,20.8666992188,25,-89,-89,14.5,14.5,1
15.6555838585,28.0458507538,0,-16,-13,18.5,16.5,0
10.7021983147,10.8250150681,17,13.5,14.5,42.5,42,0
29.2980594635,27.2749996185,0,101.5,101.5,6.5,6.5,1
26.7324954987,23.5249996185,55,-78.5,-77,2,0.5,1
29.25599823,26.8416996002,70,142,144.5,-4,-5,1
13.3971702576,21.2541503906,0,9.5,11,32.5,30.5,0
24.3586101532,27.0666999817,14,3,6,9,8,1
7.4966947079,4.7625000477,72.5,11,11.5,60,59.5,0
10.006939888,11.233300209,32,-8,-8,41.5,41.5,0
19.1493572235,22.2749996185,10,37.5,38.5,-3.5,-4.5,1
14.7059457779,19.5541505814,0,10,10.5,33.5,33.5,0
17.5912231445,24.0208005905,0,45,47,9.5,8,1
20.5486106873,20.9916992188,NA,56,56,-21.5,-21.5,1
8.7155561447,9.1833295822,6,23.5,23.5,42.5,42.5,0
12.9222757339,24.1749992371,0,46,47,31.5,30.5,0
22.7419490814,23.0916996002,NA,58,58,-20.5,-20.5,1
19.4278915405,21.2375001907,17,30.5,32.5,-20,-22.5,0
11.3862500191,13.75,18,27,28.5,40,39,0
8.3996112823,9.3916702271,74,34.5,35,41.5,41,0
14.9844438553,17.8999996185,15,-65.5,-64.5,-26.5,-28,0
24.9742782593,23.7667007446,77,11,11.5,1.5,1,0
28.0477790833,25.9916992188,14,118,126.5,18,5,1
25.6434192657,25.0208005905,11.5,-85,-85,12,11.5,1
10.8263902664,16.9416999817,1,36.5,36.5,32.5,32.5,0
26.1080833435,27.1791496277,8,103.5,103.5,16,15.5,1
13.9518633842,24.683350563,0,47,48.5,31,29.5,0
16.3308877945,18.3332996368,75,-79,-78.5,-4,-5,1
23.7591705322,24.2000007629,13,106.5,106.5,20,20,1
25.8697540283,23.5,0,121.5,125,1,0.5,1
11.3640598297,22.9167003632,0,44.5,45,33.5,33,0
10.2080602646,9.2583303452,14,5.5,5.5,52,52,0
16.6659481049,19.4207992554,45,81.5,82.5,28.5,28,0
18.6169490814,20.625,25,30,30,-4.5,-4.5,0
26.1698291779,26.9750003815,7,105,105.5,15.5,14.5,1
14.9006948471,21.1374998093,1,19,21,-20.5,-24,0
13.2285562515,13.5749998093,36,175,176.5,-37,-39,0
15.6054423332,17.5166501999,3,44.5,44.5,14,13.5,0
23.2402256012,NA,43,97.5,98,19.5,18.5,1
26.3033573151,26.8041496277,19,-67.5,-65,9.5,7.5,1
10.5509437561,21.9750003815,2,44,44.5,35.5,35,0
21.4037494659,24.2083501816,20,-46,-37.5,-9,-18.5,1
6.566222477,1.4916700125,35,24.5,30.5,66,63.5,0
11.1033878326,17.2000007629,0,36.5,38.5,35.5,35,0
10.2057470322,8.9000000954,14,6.5,7,52.5,52.5,0
7.4214448929,1.2583299875,13,122,135,53,43.5,0
21.3425006866,24.1583003998,26,-89.5,-89.5,13.5,13.5,1
20.7337482452,26.079199791,30,19.5,22,9,7,0
22.1040565491,21.7667007446,75,108,108.5,14.5,14,1
15.3594398499,19.0499992371,29,31.5,31.5,-27,-27,0
20.775560379,20.9916992188,12,90,90,26.5,26.5,0
24.7144451141,26.2083501816,79.5,-59.5,-58,3.5,1,1
9.617555809,26.8500003815,0,25.5,34.5,21.5,16,0
10.8126974106,11.8166499138,21,12.5,13,43,42.5,0
26.7589483261,26.6042003632,20.5,-72.5,-70,6,4.5,1
25.4842775345,26.5916500092,8.5,103.5,104,16.5,16.5,1
18.3519449234,25.3583498001,6,74.5,84,26.5,18,1
6.6966941833,5.7166650295,1,-115.5,-104,48.5,44.5,0
14.3611097336,21.4249992371,0,31.5,31.5,29,29,0
2.6612497568,-13.2208499908,0,-57,-43,77.5,60,0
21.3850578308,23.5249996185,29,-60.5,-57,-22.5,-25,1
26.6516704559,22.4832992554,60,-76.5,-74,8,5.5,1
7.1667222977,7.8833298683,5,33,34,40.5,40.5,0
17.4824697495,21.9458503723,26,30.5,33.5,-11,-15,0
26.9433307648,27.1667003632,31,-71,-68,8.5,7.5,1
20.5419471741,21.6333007813,79.5,101,101.5,21,20.5,1
24.9895015717,24.8458499908,10,109,109,15,14.5,1
20.7615251541,22.0124998093,71.5,103.5,105,20.5,19.5,1
14.8145849228,19.0833501816,17,-105,-101.5,22,19,0
13.8244400024,17.3666992188,10,36,36,34,34,0
16.5396656036,19.4832992554,34,35,37.5,8,5.5,1
14.4909421921,16.4500007629,14,-55,-54.5,-34,-34.5,0
20.3455001831,25.9167003632,0,56,56.5,25,24.5,0
23.5280813217,24.3291501999,29.5,37.5,40,-8.5,-11,1
24.4459695816,24.6167001724,30,98.5,99.5,17,15.5,1
28.2674156189,25.5791501999,59.5,102,102,3,2.5,1
28.6985542297,27.8666496277,0,-157,175,1.5,-1.5,1
5.6500000954,1.5249999762,0,9,9,46.5,46.5,0
0.6713888943,2.0375000238,0,70.5,74.5,38,35.5,0
18.3058300018,28.1417007446,1,-2,-2,12,12,1
7.0360279083,24.9291505814,0,42,44.5,27,24.5,0
25.5308914185,26.75,19,102,102.5,16,15.5,1
17.5822200775,28.9416999817,0,3,4.5,14,12,0
27.4761116028,25.6417007446,79,-54,-51.5,5,2,1
28.0103885651,25.7667007446,81,-60,-59,8,7,1
16.8549995422,19.6000003815,82,29.5,29.5,-3,-3,1
9.6953056335,7.8041698933,26.5,24.5,25.5,46.5,46,0
9.123916626,15.9083003998,0,-1,0,34,32,0
12.5641077042,19.8582992554,71,143.5,144,-5.5,-6,1
19.8201694489,21.9791507721,20.5,-57,-56.5,-26,-26.5,1
8.9655561447,16.5583000183,0,36,36,30.5,30.5,0
13.1419449806,15.4000000954,21,-8.5,-8,40,40,0
9.1838056564,7.7333350182,29.5,20,21,53,52.5,0
29.6122755051,26.3166999817,77,-58.5,-46,2,-10,0
8.96711092,7.8208351135,15.5,30,32,51,49,0
23.732219696,25.6583003998,47,-86,-86,11.5,11.5,1
24.6790557861,24.8083000183,0,45.5,47,13.5,13,0
5.2955553055,9.2541501522,0,67.5,68.5,33.5,32,0
16.3183576584,21.1499996185,28,26,31.5,-12.5,-15.5,0
24.6922206879,25.5666999817,31,-7,-7,6.5,6.5,1
22.5696954727,26.2083501816,29,-16.5,-16,13,13,1
30.2664997101,26.4416999817,83,-73,-56.5,1.5,-10,0
5.355361414,10.641699791,0,48,49.5,35,34,0
28.1986103058,27.7000007629,15,101.5,101.5,13,13,1
10.41900177,9.3083300591,0,5,5.5,52.5,52,0
11.4118080139,13.2083501816,13.5,26.5,27,41.5,40.5,0
16.3424178123,16.7249994278,23,-91,-90.5,15,15,1
10.9602804184,9.4833297729,25,7.5,9,46,44,0
10.8309727669,10.5666499138,1.5,25.5,26,44.5,44.5,0
12.0261096954,14.5832996368,23,20.5,20.5,39.5,39.5,0
9.6397223473,9.6749997139,5,27.5,30,48,45.5,0
14.4483299255,19.0167007446,0,10.5,10.5,35.5,35.5,0
11.7674999237,13.8125,12,20,27,41,35,0
8.0818886757,9.1999998093,1,34.5,36,39.5,39,0
19.931003952,22.8500003815,23,104,104.5,22.5,22,1
28.7850040436,26.4333000183,14,8,8.5,5,4.5,1
12.1272201538,15.6999998093,0,4.5,4.5,36.5,36.5,0
26.4914482117,25.6000003815,22,-78,-77,21.5,21,1
21.0598047256,23.3500003815,47,85,85.5,27,27,0
28.2596687317,25.8291501999,52,-61,-61,10.5,10,1
25.9466705322,27.0083007813,3,104.5,104.5,15.5,15.5,1
16.0533597946,22.9416503906,5,138.5,153.5,-10.5,-29,1
23.9897193909,27.5249996185,8,77.5,84.5,19.5,13,1
6.740000248,5.8000001907,17,-75,-71,-44.5,-49,0
9.0338888168,7.3499999046,10,24,26,51.5,50.5,0
28.792219162,26.6499996185,0,102,102,6,6,1
19.0577793121,20.7749996185,53,-55.5,-53.5,-26,-28,0
6.1287228584,7.7583298683,0,-73,-66,-46.5,-52.5,0
6.2376394272,12.9916501045,0,49.5,52,35,33.5,0
22.3128353119,22.4249992371,40,-105,-104,22.5,20.5,0
25.2655601501,24.6499996185,79,-89,-89,15,15,1
8.3914722443,25.2416505814,0,37.5,42,27,22.5,1
26.5816707611,25.7917003632,34,-78,-78,18,18,1
23.0698352814,26.7833003998,24,-45.5,-40.5,-3.5,-11,1
12.6349417686,18.3291501999,0,-116.5,-113,32,28,0
26.3309406281,27.4333000183,12,100,100,17.5,16.5,1
9.4448054314,8.375,72,15,15.5,53.5,53,0
22.2973329544,24.2917003632,52.5,22,25,6,4,0
14.0039717674,16.5166501999,38,-17.5,-16.5,28.5,28,0
10.8797197342,21.5167007446,0,31.5,31.5,27,27,0
8.6744441986,17.9916992188,0,36.5,39.5,33,32,0
6.3132225037,7.5250000954,2,39,40.5,39.5,39,0
26.4722194672,26.6749992371,63,-13,-13,9,9,1
24.0001398087,24.3041496277,63.5,107,107.5,14.5,14.5,1
28.1700532913,27.5041503906,29,105.5,105.5,10.5,10,1
9.8604442596,8.6583299637,6,7.5,11,53.5,51.5,0
11.8200785637,12.891699791,48.5,9,9.5,42,41.5,0
9.0363331795,8.0375001431,14,28,30,49.5,48,0
8.5407225609,11.6750001907,11,30,32.5,37,36,0
9.4806947708,8.8583297729,3,-103.5,-95.5,42.5,40,0
13.1819448471,24.1083498001,0,47,48,32.5,31.5,0
19.3062465668,26.4042005539,0,67.5,71,28,24,1
9.1741666794,6.0583300591,5,-90,-82,48,41.5,0
20.8281082153,26.2166996002,19,16,17,8.5,7.5,0
9.2550835609,7.7333350182,39.5,16,17,54,53.5,0
15.0256392479,17.9499998093,13.5,-57.5,-56.5,-32,-32.5,0
19.1647205353,19.2166996002,63,-90,-90,15,15,1
28.4631635666,26.9125003815,67.5,141.5,143.5,-5.5,-9.5,1
11.8772509575,15.2124996185,18,-79,-78,-5,-8,1
20.7524959564,27.25,13,-5,-3.5,10.5,9.5,1
19.9509185791,27.316649437,8.5,-5,-4.5,11.5,11.5,1
14.1258296967,17.625,12,10,10,36.5,36.5,0
13.6925561905,18.1417007446,7,39,40.5,8,7,1
6.7514446259,7.1333298683,0,74,96.5,48.5,34.5,0
26.0001401901,24.2458000183,69.5,120,123.5,0.5,-3,1
15.5422201157,19.3332996368,0,11,11,35.5,35.5,0
12.9406952858,22.5958499908,2.5,16.5,18,-19,-19.5,0
10.1363916397,8.375,7,-7.5,1.5,60,50,0
13.9893341064,14.3999996185,1,111,116.5,36,31.5,0
27.7672197342,27.495850563,7,77,80.5,13,8,1
8.8055558205,7.2375001907,9.5,31,33.5,52,50.5,0
10.598276329,10.9582996368,18,24.5,26,43,42.5,0
9.2711671829,8.6083350182,60,167.5,169,-45,-46.5,0
6.2109444618,3.666670084,1,42.5,44.5,41,39.5,0
20.0692783356,21.0499992371,59,106,107,22.5,22.5,1
18.4276966095,22.4791498184,19.5,24,25,-18,-18.5,0
24.8205604553,24.2999992371,32,102,103.5,19,18,1
9.6429168701,21.9416503906,0,41,44,32.5,30.5,0
10.0460584641,16.8416996002,1,44,45,37,35.5,0
5.7382778168,0.2333330065,3,13,18,68.5,65,0
24.1957223892,26.0749998093,25.5,-86.5,-86.5,12.5,12,1
20.1758308411,22.3666992188,49,30.5,32.5,2,0,0
11.6868900299,23.125,3,44.5,45,32.5,32,0
11.7349996567,14.125,17,20,20,40,40,0
6.7531945705,2.0375000238,43,29,31.5,63.5,62,0
27.6327800751,26.75,0,-61,-61,13,13,1
23.6597194672,26.1417007446,0,-86,-86,12,12,1
8.1782504082,3.8791699409,71,-70.5,-67,47,43,0
16.4206413269,22.2291498184,1,19.5,21,-19.5,-20,0
26.7883321762,26.245850563,39.5,4.5,5,7.5,7,1
21.4797794342,22.1417007446,83,101,102.5,20.5,20,1
21.3083305359,22.6333007813,28,-89.5,-89.5,14.5,14.5,1
27.0326683044,27.0167007446,14,101,101.5,15,14.5,1
14.6013906479,16.8792004585,0,-70.5,-70,-17.5,-18.5,1
27.166558075,26.0499992371,0,-85.5,-85,11.5,11,1
23.467915535,26.5124998093,4.5,38,41.5,-0.5,-4.5,1
25.1500562668,25.7875003815,61,-90,-87.5,21,20,1
9.3033884048,20.4916992188,0,17.5,18.5,-25.5,-27,0
21.0157234192,24.2833003998,0,50.5,53,18.5,15,0
19.6322757721,22.2416992188,1,-80,-79,-6,-7,1
8.6597223282,7.9666700363,0,7,7,46.5,46.5,0
9.7227220535,9.5833301544,1,27,27.5,48,47.5,0
22.0343315125,20.5666999817,53,48,50,-15.5,-20.5,0
9.0518059731,6.4625000954,45,24,25.5,49,48,0
23.5352802277,26.8166999817,33,-55.5,-55.5,5.5,5.5,1
23.2020870209,23.8458499908,20.5,100,100.5,20,19.5,1
16.1909412384,15.5583500862,9.5,109,116,32.5,29,0
26.1769981384,25.0417003632,79,17,24.5,4.5,-2.5,1
19.7126094818,24.2666501999,39,-9,-8.5,9,9,1
8.1693892479,4.8500001431,6,-96.5,-89.5,48.5,43.5,0
10.2835016251,9.7916698456,14,19.5,23,45.5,42,0
20.402387619,21.8999996185,35,14.5,16,-8.5,-9.5,1
19.5166702271,26.25,19,13,15.5,9.5,7,0
8.2937774658,20.8250007629,0,2.5,5,32.5,29,0
12.1830596924,16.0832996368,45,5,5,36.5,36.5,0
25.8829498291,26.9416999817,0,46.5,49.5,7.5,4.5,1
25.2377796173,25.3917007446,8,-69.5,-69.5,19,19,1
12.8008901596,15.108300209,1,8.5,9.5,40.5,39,0
1.1508330107,7.1166701317,0,64,66.5,35,33,0
14.8679960251,18.8833007813,0,10.5,11.5,34.5,34.5,0
19.6511131287,24.0791501999,47,21.5,24.5,8.5,6,0
9.2293057442,15.4792003632,3.5,39.5,41,38,37.5,0
26.1658905029,25.5083007813,22,108,108.5,11,10.5,1
11.3422492981,14.0542001724,12,26.5,27.5,40,39.5,0
26.558889389,25.5083007813,12,-76,-76,20.5,20.5,1
18.6816692352,20.8416996002,0,30.5,30.5,-2.5,-2.5,0
9.0289449692,19.5832996368,1,16.5,18.5,-22.5,-24,0
6.8654448509,7.2374999523,0,105,107.5,39,35.5,0
28.5016685486,27.391699791,0,44,45,13.5,12.5,1
16.2600559235,28.9832992554,0,-1.5,-0.5,14,14,1
8.2086668015,9.7749996185,7,34.5,35.5,40.5,40,0
24.0441934586,24.1666994095,27.5,107,107.5,16.5,16.5,1
24.542219162,24.3083000183,16,44.5,49.5,-14.5,-19.5,0
18.7709753036,21.2541999817,27,-87,-87,14,13.5,1
27.8955001831,24.4666996002,35,-74,-72.5,7.5,6,1
29.1741672516,26.8000001907,23.5,5.5,6.5,5.5,5,1
11.6807256699,11.2417001724,12,11.5,13,46,45,0
20.8419494629,27.4416999817,35,-13,-13,12,12,1
10.141113472,17.4167003632,1,38.5,40,37.5,36.5,0
24.2354450226,26.3499994278,19.5,-5,-4.5,7.5,7.5,1
11.0997257233,12.3332996368,3,45.5,49.5,41.5,38.5,0
9.3591388702,8.4375,45.5,8,10.5,49,47.5,0
15.6365016937,15.0749998093,16,104,109.5,28.5,24.5,0
23.7630027771,25.2332992554,20,-80.5,-79.5,0,-1.5,1
9.7609424591,9.9916696548,40,32,33,41,41,0
11.7137781143,10.875,2,-91,-87,42,37,0
8.1999163628,5.8166649342,22.5,18,19,59.5,59,0
17.2936096191,20.8332996368,23,32.5,35,-7.5,-9.5,1
28.4589696884,25.9333496094,78,-73.5,-67,-8,-11,0
23.2950000763,23.7583007813,0,106.5,106.5,20.5,20.5,1
27.7350006104,26.0583000183,39,-5.5,-5.5,5.5,5.5,1
28.9994449615,26.0250005722,47,103,104,2.5,1.5,1
6.231611681,7.6916649342,3,39.5,40,39,39,0
25.5244445801,25.8499994278,22,-6.5,-6,6.5,6.5,1
13.64055233,21.6082992554,0,61.5,70,31.5,25,0
10.5169401169,10.266699791,56,18.5,18.5,46,46,0
24.4639442444,24.8250007629,67,100.5,101,17,16.5,1
10.1659428596,9.3083353043,0,5.5,6,52,51.5,0
24.9102203369,26.8666496277,14.5,8.5,10,8,6.5,1
20.4459999084,23.9750003815,24,31,35.5,-14.5,-17.5,1
9.3400001526,7.5166702271,53,15,15,55,55,0
9.1021116257,22.7583503723,0,10,14,27,24.5,0
6.8384441376,2.8083300591,44,26.5,28.5,63.5,62.5,0
10.5288316727,9.8416700363,3,2,4,50.5,50,0
20.3478302002,20.9582996368,75,103,104.5,19.5,18.5,1
28.2446681976,26.9125003815,14,104.5,105,12,12,1
9.532500267,7.5083298683,0,9.5,9.5,55,55,0
10.5821083069,10.8249998093,11,20,21,46,46,0
9.2629446983,8.0291647911,15,21,21.5,52,52,0
20.1847190857,24.2000007629,30,-109,-105.5,26.5,22.5,0
12.4298858643,28.3833007813,0,-6,4.5,24.5,15,0
5.1919999123,NA,0,93.5,98.5,47,42.5,0
9.2439447403,8.0791649818,6,20.5,20.5,52,51.5,0
24.0857185364,24.7416992188,25,37.5,41,-14,-17,1
25.9244403839,25.8250007629,0,40,40,-5.5,-5.5,1
19.8694412231,22.1708507538,28,35,38,-10,-11.5,1
26.8509687424,26.5082998276,22.5,-63.5,-62,9.5,8.5,1
28.5158290863,28.3083000183,6,100.5,100.5,13.5,13.5,0
12.5571638107,16.2667007446,5,-7,-2,38,36,0
19.6545036316,17.6082992554,14,86.5,87,27.5,26.5,0
7.9180560112,6.4833297729,0,7.5,7.5,46.5,46.5,0
9.8691116333,18.5374994278,1.5,40.5,42.5,37,35.5,0
1.7561110258,-18.6833496094,NA,-44,-13.5,81,60.5,0
8.8991109848,15.5916996002,2,43,44.5,37,36.5,0
7.118888855,5.5916700363,1,47,87,55,40.5,0
27.0349998474,27.2833003998,7,107,107,10.5,10.5,1
24.1766700745,23.0583000183,30,-77,-77,18,18,1
27.8480606079,25.4500007629,0,157,162.5,-7.5,-11,1
12.9906118393,21.5499992371,0,19,25,30.5,27,0
17.4837219238,12.8332996368,69,92,97.5,29,27,1
24.1594970703,23.2083501816,29,48.5,50.5,-13,-16,0
15.9819498062,17.0167007446,46,-83,-79,34.5,32,0
15.5107198715,27.3500003815,0,27.5,32.5,16,9.5,0
23.442779541,26.8332996368,17,1.5,1.5,8.5,8.5,1
18.6557252884,27.9833507538,1,-16,-14.5,15.5,14.5,1
9.125834465,8.3000001907,7,8.5,10,51,49.5,0
18.2093082428,28.375,1,-3,-2.5,13,12.5,1
11.4283304214,13.2166996002,48,-8,-8,41,41,0
8.1071392059,4.4041647911,6.5,122,131,46,41,0
17.3038345337,27.5208501816,1,4.5,7,13.5,11,1
11.619310379,23.6041498184,0,-8,-3,29.5,25.5,0
10.048330307,9.6083297729,74,17,17,47,47,0
9.9342497826,9.6416697502,0.5,35,37,47.5,46.5,0
14.43963871,29.1041994095,0,-12.5,-10.5,17,15.5,0
22.3093038559,26.6625003815,34,-14.5,-14.5,12,11.5,0
27.2344493866,25.8250007629,0,121.5,123,-3.5,-5.5,1
26.1172199249,27.8332996368,0,42.5,42.5,11,11,1
26.6175003052,25.2166996002,25,-80,-80,8.5,8.5,1
23.598469162,25.7291498184,0,52.5,60,25.5,16.5,0
27.5575008392,27.3833007813,17,0,0,5.5,5.5,1
7.2612228394,7.6750001907,9,-75.5,-74.5,-12.5,-14,1
27.7622215271,26.6166992188,30,5.5,6.5,7,6,1
14.8037487984,17.4458494186,15,-56.5,-55.5,-33,-33.5,0
26.4448583603,26.7374992371,37.5,99.5,100,16,16,1
21.720221138,21.0041999817,31,110,117,25,20,1
24.2962753296,25.7917003632,26,-6.5,-6,7.5,7,1
18.986000061,27.8166999817,8,-2.5,-1.5,11.5,11,1
14.1169395447,19.8166999817,0,14.5,14.5,32,32,0
10.6265249252,20.641699791,3.5,16,17.5,-20.5,-21.5,0
12.4662240982,13.9917001724,41,-79,-78.5,-3,-3.5,1
11.9885857582,14.7291498184,32,81,81.5,29.5,28.5,0
21.2754177094,21.2667007446,14,31,32.5,-1.5,-3.5,1
8.6008337021,6.2083301544,28,21.5,27,56,54,0
4.6497221947,-1.8083300591,1,109,112.5,49,46,0
9.1275005341,7.6583299637,24,23.5,23.5,51,51,0
20.1184463501,20.2166996002,61,-76,-75.5,5,4.5,1
18.1786146164,26.1208496094,13,21.5,23.5,10.5,8.5,0
19.8814172745,21.6541500092,38,-87.5,-87,14.5,14.5,1
23.4033031464,24.8458499908,42,17,19,5.5,4.5,0
9.7410003662,9.3000001907,16,7.5,8,48.5,47.5,0
9.8572223663,9.0583295822,6,27.5,28,46.5,46,0
13.5624398232,16.2458496094,4.5,-9,-9,39,38.5,0
21.5879413605,22.2667007446,39,14.5,17,-6.5,-8.5,1
1.4592779875,-1.5750000477,1,82,83.5,30,28.5,0
